,Период,Сеть,Категория,Категория 2,Поставщик,Бренд,Наименование,УНИ Наименование,Граммовка,Вкус,"Продажи, шт","Продажи, руб","Продажи, тонн","Себест., руб"
0,2024-09-01,Окей,Чипсы картофельные обычные,ЧСК обычные,Seykar gida san. VE. TIC. LTD.,PATTES,Чипсы картофельные Pattes классические рифленые 100г (ОКЕЙ),PATTES Оригинальные 100г,100,Оригинальные,584,109037.51000000007,0.05840000000000001,40009.53999999999
1,2024-09-01,Окей,Чипсы картофельные обычные,ЧСК обычные,Seykar gida san. VE. TIC. LTD.,PATTES,Чипсы картофельные Pattes со вкусом зелени и йогурта 100г (ОКЕЙ),PATTES Йогурт и травы 100г,100,Йогурт и травы,812,155460.89,0.08120000000000002,55629.670000000006
2,2024-09-01,Окей,Чипсы картофельные обычные,ЧСК обычные,Seykar gida san. VE. TIC. LTD.,PATTES,Чипсы картофельные Pattes со вкусом кетчупа 100г (ОКЕЙ),PATTES Кетчуп 100г,100,Кетчуп,655,122813.00000000004,0.06550000000000002,44873.649999999994
3,2024-09-01,Окей,Чипсы картофельные обычные,ЧСК обычные,Seykar gida san. VE. TIC. LTD.,PATTES,Чипсы картофельные Pattes со вкусом красного перца чили 100г (ОКЕЙ),PATTES Чили 100г,100,Чили,847,161834.86000000002,0.0847,58027.41999999998
4,2024-09-01,Окей,Чипсы картофельные обычные,ЧСК обычные,Seykar gida san. VE. TIC. LTD.,PATTES,Чипсы картофельные Pattes со вкусом уксуса и лайма 100г (ОКЕЙ),PATTES Уксус и лайм 100г,100,Уксус и лайм,637,119645.89000000004,0.06370000000000003,43640.529999999984
5,2024-09-01,Окей,Чипсы картофельные обычные,ЧСК обычные,Импортлогистик ООО  ,San Carlo,Чипсы картофельные San Carlo  мята и перец 150г,San Carlo Мята и перец 150 г,150,Мята и перец,350,75804.17799999999,0.052500000000000026,59477.62
6,2024-09-01,Окей,Чипсы картофельные обычные,ЧСК обычные,Импортлогистик ООО  ,San Carlo,"Чипсы картофельные 'San Carlo' 'Классика', 180г)",San Carlo Классика 180 г,180,Оригинальные,603,147385.57,0.10853999999999994,110289.11
7,2024-09-01,Окей,Чипсы картофельные обычные,ЧСК обычные,Импортлогистик ООО  ,San Carlo,Чипсы картофельные San Carlo со вкусом лайма и розового перца 150г,San Carlo Лайм и розовый перец 150 г,150,Лайм и перец розовый,808,178002.0411000001,0.12120000000000003,137858.26000000004
8,2024-09-01,Окей,Чипсы картофельные обычные,ЧСК обычные,Импортлогистик ООО  ,San Carlo,Чипсы картофельные San Carlo со вкусом лайма и розового перца 50г,San Carlo Лайм и розовый перец 50 г,50,Лайм и перец розовый,411,53262.0644,0.020550000000000002,36267.25
9,2024-09-01,Окей,Чипсы картофельные обычные,ЧСК обычные,ИП Ланина А.В.,О'кей,Чипсы картофельные ОКЕЙ с солью 140г,О'кей Соль 140г,140,Соль,3119,258265.8551,0.43665999999999977,197376.44999999998
10,2024-09-01,Окей,Чипсы картофельные обычные,ЧСК обычные,ИП Ланина А.В.,О'кей,Чипсы картофельные Окей со вкусом краба 140 г,О'кей Краб 140г,140,Краб,3061,264038.261,0.42854000000000003,193828.29999999996
11,2024-09-01,Окей,Чипсы картофельные обычные,ЧСК обычные,ИП Ланина А.В.,О'кей,Чипсы картофельные Окей со вкусом мяса на углях 140 г,О'кей Мясо на углях 140г,140,Мясо на углях,2883,246404.441,0.4036200000000001,182318.31
12,2024-09-01,Окей,Чипсы картофельные обычные,ЧСК обычные,ИП Ланина А.В.,О'кей,Чипсы картофельные ОКЕЙ со вкусом паприки 140г,О'кей Паприка 140г,140,Паприка,6216,542346.9207000001,0.8702400000000001,393731.76999999996
13,2024-09-01,Окей,Чипсы картофельные обычные,ЧСК обычные,ИП Ланина А.В.,О'кей,Чипсы картофельные ОКЕЙ со вкусом сметаны и лука 140г,О'кей Сметана и лук 140г,140,Сметана и лук,830,71949.4322,0.11620000000000005,52350.549999999996
14,2024-09-01,Окей,Чипсы картофельные обычные,ЧСК обычные,ИП Ланина А.В.,О'кей,Чипсы картофельные Окей со вкусом сыра 140 г,О'кей Сыр 140г,140,Сыр,3283,283398.7704000001,0.45962000000000003,207864.06999999995
15,2024-09-01,Окей,Чипсы картофельные обычные,ЧСК обычные,КДВ ООО,Хрустящий картофель,Чипсы Хрустящий картофель 160г Бекон,Хрустящий картофель Сыр 70г,160,Бекон,1492,201391.26970000015,0.23872,140788.18999999994
16,2024-09-01,Окей,Чипсы картофельные обычные,ЧСК обычные,КДВ ООО,Хрустящий картофель,Чипсы Хрустящий картофель 70г Сыр,Хрустящий картофель Сыр 70г,70,Сыр,1743,106364.14019999998,0.12201000000000001,75958.86000000002
17,2024-09-01,Окей,Чипсы картофельные обычные,ЧСК обычные,Клин Снек,Пакет картошки,Чипсы картофельные  ПАКЕТ КАРТОШКИ с уксусом,Пакет картошки Уксус 100г,100,Уксус,516,58859.49330000002,0.0516,37152.0
18,2024-09-01,Окей,Чипсы картофельные обычные,ЧСК обычные,Клин Снек,Пакет картошки,Чипсы картофельные ПАКЕТ КАРТОШКИ с нори,Пакет картошки Нори 100г,100,Нори,577,65790.36440000002,0.057700000000000015,41544.0
19,2024-09-01,Окей,Чипсы картофельные обычные,ЧСК обычные,Клин Снек,Пакет картошки,Чипсы картофельные ПАКЕТ КАРТОШКИ с солью,Пакет картошки Соль 100г,100,Соль,1019,115815.30849999997,0.10189999999999998,73368.0
20,2024-09-01,Окей,Чипсы картофельные обычные,ЧСК обычные,Клин Снек,Пакет картошки,Чипсы картофельные ПАКЕТ КАРТОШКИ с томатом,Пакет картошки Томат 100г,100,Томат,632,71993.57660000001,0.06319999999999999,45504.0
21,2024-09-01,Окей,Чипсы картофельные обычные,ЧСК обычные,Лоренц,Naturals,Картофельные чипсы Naturals с розмарином 100г,NATURALS Розмарин 100г,100,Розмарин,1521,179669.83980000002,0.15210000000000004,121447.99999999997
22,2024-09-01,Окей,Чипсы картофельные обычные,ЧСК обычные,Лоренц,Naturals,Картофельные чипсы Naturals с чесноком и зеленью,NATURALS Чеснок и зелень 100г,100,Чеснок и зелень,3001,352234.5552,0.30010000000000003,240476.48999999996
23,2024-09-01,Окей,Чипсы картофельные обычные,ЧСК обычные,Лоренц,Naturals,Чипсы Naturals Белые грибы 100г,NATURALS Белые грибы 100г,100,Грибы Белые,1677,197371.90579999992,0.1677,131789.27
24,2024-09-01,Окей,Чипсы картофельные обычные,ЧСК обычные,Лоренц,Naturals,Чипсы картофельные Naturals cо вкусом соуса песто,NATURALS Пето 100г,100,Песто,2151,251437.64330000003,0.2151,173631.45999999996
25,2024-09-01,Окей,Чипсы картофельные обычные,ЧСК обычные,Лоренц,Naturals,Чипсы картофельные Naturals Классические с солью 100г,NATURALS Соль 100г,100,Соль,6166,723588.2331000001,0.6165999999999999,503271.7799999998
26,2024-09-01,Окей,Чипсы картофельные обычные,ЧСК обычные,Лоренц,Naturals,Чипсы картофельные Naturals Морская соль/Перец 100г,NATURALS Морская соль и перец 100г,100,Соль и перец черный,2854,334498.7347,0.28540000000000004,230280.43000000002
27,2024-09-01,Окей,Чипсы картофельные обычные,ЧСК обычные,Лоренц,Naturals,Чипсы картофельные Naturals Паприка 100г,NATURALS Паприка 100г,100,Паприка,4565,536895.9161000001,0.4565,366994.76
28,2024-09-01,Окей,Чипсы картофельные обычные,ЧСК обычные,Лоренц,Naturals,Чипсы картофельные Naturals Пармезан 100г,NATURALS Пармезан 100г,100,Сыр,5029,589721.5948999999,0.5029,407190.83000000013
29,2024-09-01,Окей,Чипсы прессованные,Прессованные в тубе,"""ТРАНСАТЛАНТИК ИНТЕРНЕЙШНЛ""АО",Mister Potato,"Чипсы  Mister Potato оригинальные,160г",Mister Potato Оригинальные 160г,160,Оригинальные,603,110139.59000000003,0.09647999999999995,115649.88000000008
30,2024-09-01,Окей,Чипсы прессованные,Прессованные в тубе,"""ТРАНСАТЛАНТИК ИНТЕРНЕЙШНЛ""АО",Mister Potato,"Чипсы  Mister Potato с острым и пряным вкусом ,160г",Mister Potato Острый прянный вкус 160г,160,Острый пряный,596,111527.08,0.09536,113389.35000000002
31,2024-09-01,Окей,Чипсы прессованные,Прессованные в тубе,"""ТРАНСАТЛАНТИК ИНТЕРНЕЙШНЛ""АО",Mister Potato,"Чипсы  Mister Potato со вкусом барбекю,160г",Mister Potato Барбекю 160г,160,Барбекю,609,109254.90999999996,0.09744,113237.89
32,2024-09-01,Окей,Чипсы прессованные,Прессованные в тубе,"""ТРАНСАТЛАНТИК ИНТЕРНЕЙШНЛ""АО",Mister Potato,"Чипсы  Mister Potato со вкусом сметаны и лука,160г",Mister Potato Сметана и лук 160г,160,Сметана и лук,626,122459.57999999999,0.10016,118509.57000000002
33,2024-09-01,Окей,Чипсы прессованные,Прессованные в тубе,"""ТРАНСАТЛАНТИК ИНТЕРНЕЙШНЛ""АО",Mister Potato,"Чипсы Mister Potato оригинальные, 40г",Mister Potato Оригинальные 40г,40,Оригинальные,724,49831.264200000005,0.028960000000000003,63149.62999999999
34,2024-09-01,Окей,Чипсы прессованные,Прессованные в тубе,"""ТРАНСАТЛАНТИК ИНТЕРНЕЙШНЛ""АО",Mister Potato,"Чипсы Mister Potato с острым и пряным вкусом , 40г",Mister Potato Острый прянный вкус 40г,40,Острый пряный,696,47310.669299999994,0.027839999999999993,60780.86000000001
35,2024-09-01,Окей,Чипсы прессованные,Прессованные в тубе,"""ТРАНСАТЛАНТИК ИНТЕРНЕЙШНЛ""АО",Mister Potato,"Чипсы Mister Potato со вкусом барбекю, 40г",Mister Potato Барбекю 40г,40,Барбекю,675,45938.64,0.027000000000000007,57744.36999999999
36,2024-09-01,Окей,Чипсы прессованные,Прессованные в тубе,"""ТРАНСАТЛАНТИК ИНТЕРНЕЙШНЛ""АО",Mister Potato,"Чипсы Mister Potato со вкусом сметаны и лука, 40г",Mister Potato Сметана и лук 40г,40,Сметана и лук,614,42798.146199999996,0.024560000000000005,53967.41999999999
37,2024-09-01,Окей,Чипсы картофельные обычные,ЧСК обычные,Москарт ООО,Golden Life,Картофель хруст. Golden Life 'Со вкусом Камамбера с розмарином' 90г,Golden Life Камамбер с розмарином 90г,90,Сыр и розмарин,2427,239330.22340000002,0.21842999999999993,126775.95000000004
38,2024-09-01,Окей,Чипсы картофельные обычные,ЧСК обычные,Москарт ООО,Golden Life,Картофель хруст. Golden Life 'Со вкусом Сметаны с перцем' 90г,Golden Life Сметана с перцем 90г,90,Сметана и перец,1823,179443.21580000006,0.16406999999999997,95429.99000000003
39,2024-09-01,Окей,Чипсы картофельные обычные,ЧСК обычные,Москарт ООО,Golden Life,Чипсы картофельные Golden Life со вкусом Лобстера 90г,Golden Life Лобстер 90г,90,Лобстер,2337,216153.93060000008,0.21032999999999996,122154.96999999999
40,2024-09-01,Окей,Чипсы картофельные обычные,ЧСК обычные,Москарт ООО,Московский картофель,Картофель Московский хруст. с йодир. Солью 120г,Московский картофель Йодированныя соль 120г,120,Соль,3539,386038.0090000001,0.4246799999999999,208910.88000000003
41,2024-09-01,Окей,Чипсы картофельные обычные,ЧСК рифленые,Москарт ООО,Московский картофель,Картофель Московский хруст. со вкусом cыра 120г,Московский картофель риф Сыр пармезан 120г,120,Сыр,2022,225999.66269999993,0.24263999999999994,120323.98000000003
42,2024-09-01,Окей,Чипсы картофельные обычные,ЧСК обычные,Москарт ООО,Московский картофель,Картофель Московский хруст. со вкусом лука и сметаны 120г,Московский картофель Сметана и лук 120г,120,Сметана и лук,3707,413029.62879999983,0.44484,218693.88999999987
43,2024-09-01,Окей,Чипсы картофельные обычные,ЧСК обычные,Москарт ООО,Московский картофель,Картофель Московский хруст. со вкусом сладкого чили 120г,Московский картофель Соус сладкий чили 120г,120,Соус чили,2917,314587.92640000005,0.3500399999999998,172449.97999999992
44,2024-09-01,Окей,Чипсы картофельные обычные,ЧСК обычные,Стамба ООО,Bruto Black,"Чипсы картофельные  BRUTO BLACK EDITION Тайский острый Том Ям,75г",Bruto Black Тайский острый Том Ям 75г,75,Том Ям,1659,147840.86770000003,0.12442500000000005,87595.19999999998
45,2024-09-01,Окей,Чипсы картофельные обычные,ЧСК обычные,Стамба ООО,Bruto Black,"Чипсы картофельные BRUTO BLACK EDITION Краб с черным перцем,75г",Bruto Black Черный перец 75г,75,Краб и перцем,1183,105788.6488,0.08872500000000001,62462.4
46,2024-09-01,Окей,Чипсы картофельные обычные,ЧСК обычные,Стамба ООО,Bruto Gourmet Line,"БРУТО Чипсы картофельные Зелёный перец,80г",BRUTO Gourmet Line Зеленый перец 80г,80,Перец зеленый,341,40696.13,0.027280000000000016,22915.2
47,2024-09-01,Окей,Чипсы картофельные обычные,ЧСК обычные,Стамба ООО,Bruto Gourmet Line,"БРУТО Чипсы картофельные Копчёная соль,80г",BRUTO Gourmet Line Копчёная соль 80г,80,Соль копченая,690,82147.42220000004,0.05519999999999998,46367.99999999998
48,2024-09-01,Окей,Чипсы картофельные обычные,ЧСК обычные,Стамба ООО,Bruto Gourmet Line,"БРУТО Чипсы картофельные Оливки и орегано,80г",BRUTO Gourmet Line Оливки и орегано 80г,80,Оливки и орегано,511,60820.93220000001,0.040879999999999986,34339.20000000001
49,2024-09-01,Окей,Чипсы картофельные обычные,ЧСК обычные,Стамба ООО,Bruto Gourmet Line,"БРУТО Чипсы картофельные Сливочное масло и укроп,80г",BRUTO Gourmet Line Сливочное масло и укроп 80г,80,Масло и укроп,707,84150.90330000002,0.05656,47511.28
50,2024-09-01,Окей,Чипсы картофельные обычные,ЧСК обычные,Стамба ООО,BRUTO КРАФТ,"БРУТО Чипсы картофельные вкус чеснок и травы,120г (крафт пак)",Bruto КРАФТ Чеснок и травы 120г,120,Чеснок и травы,1932,210629.4371,0.23183999999999985,142581.6
51,2024-09-01,Окей,Чипсы картофельные обычные,ЧСК обычные,Стамба ООО,BRUTO КРАФТ,"БРУТО Чипсы картофельные с морской солью,120г (крафт пак)",Bruto КРАФТ Морская соль 120г,120,Соль,2362,256594.38649999996,0.2834400000000001,164623.29999999987
52,2024-09-01,Окей,Чипсы картофельные обычные,ЧСК обычные,Стамба ООО,BRUTO КРАФТ,"БРУТО Чипсы картофельные с черным перцем и морской солью,120г (крафт пак)",Bruto КРАФТ Морская соль и перец 120г,120,Соль и перец черный,1750,190361.09879999992,0.21000000000000002,121969.41999999998
53,2024-09-01,Окей,Чипсы картофельные обычные,ЧСК обычные,Фрито Лэй,Lays,Лейз Бекон 70г,Lays Бекон 70г,70,Бекон,7735,757322.2589999997,0.54145,486491.97000000003
54,2024-09-01,Окей,Чипсы картофельные обычные,ЧСК обычные,Фрито Лэй,Lays,Лейз Гуакамоле по-мексикански 125г,Lays Гуакамоле по-мексикански 125г,125,Гуакамоле,4576,679185.7983999997,0.572,501880.8200000003
55,2024-09-01,Окей,Чипсы картофельные обычные,ЧСК обычные,Фрито Лэй,Lays,Лейз Малосольные огурчики с укропом 140г,Lays Малосольные огурчики с укропом 140г,140,Огурцы малосольные и укроп,13277,2138562.7016000003,1.8587800000000003,1457411.8299999998
56,2024-09-01,Окей,Чипсы картофельные обычные,ЧСК обычные,Фрито Лэй,Lays,Лейз Нежная Моцарелла с Песто 70г,Lays Нежная моцарелла с песто 70г,70,Сыр и песто,3914,385594.1084999999,0.27398000000000006,246335.68
57,2024-09-01,Окей,Чипсы картофельные обычные,ЧСК обычные,Фрито Лэй,Lays,Лейз Пряная Креветка 90г,Lays риф. Пряная креветка 90г,90,Креветки,6523,778053.7752000006,0.5870700000000001,469386.87999999995
58,2024-09-01,Окей,Чипсы картофельные обычные,ЧСК обычные,Фрито Лэй,Lays,Лейз Сырное ассорти с мёдом 90г,Lays Сырное ассорти с медом 90г,90,Сыр и мед,6546,657553.7433000003,0.5891400000000001,471065.44000000006
59,2024-09-01,Окей,Чипсы картофельные обычные,ЧСК обычные,Фрито Лэй,Lays,Лейз Том Ям по-тайски 125г,Lays риф. Том Ям по тайски 125г,125,Том Ям,5180,770485.5048,0.6475000000000004,567690.83
60,2024-09-01,Окей,Чипсы картофельные обычные,ЧСК обычные,Фрито Лэй,Lays,Чипсы Lay's со вкусом'Ароматные драники' 125г,Lays Ароматные драники 125г,125,Драники,3774,747858.1691999997,0.4717500000000001,409625.9799999998
61,2024-09-01,Окей,Чипсы картофельные обычные,ЧСК обычные,Фрито Лэй,Lays,Чипсы Lay's со вкусом'Дижонская горчица' 125г,Lays Дижонская горчица 125г,125,Горчица,995,125213.78719999999,0.124375,108107.22999999998
62,2024-09-01,Окей,Чипсы картофельные обычные,ЧСК обычные,Фрито Лэй,Lays,Чипсы картофельные  Lay's краб 70г,Lays Краб 70г,70,Краб,16316,1321147.5986999995,1.14212,1024186.8900000004
63,2024-09-01,Окей,Чипсы картофельные обычные,ЧСК обычные,Фрито Лэй,Lays,Чипсы картофельные  Lay's молодой зеленый лук 70г,Lays Молодой зеленый лук 70г,70,Лук,11913,968434.1911000003,0.8339099999999997,749068.75
64,2024-09-01,Окей,Чипсы картофельные обычные,ЧСК обычные,Фрито Лэй,Lays,Чипсы картофельные  Lay's натуральные 70г,Lays Оригинальные 70г,70,Оригинальные,11887,966569.8424000002,0.8320899999999999,744749.15
65,2024-09-01,Окей,Чипсы картофельные обычные,ЧСК обычные,Фрито Лэй,Lays,Чипсы картофельные  Lay's сметана-лук 70г,Lays Сметана и лук 70г,70,Сметана и лук,13322,1084147.7961000002,0.93254,835389.0600000003
66,2024-09-01,Окей,Чипсы картофельные обычные,ЧСК обычные,Фрито Лэй,Lays,Чипсы картофельные  Lay's Со вкусом шашлыка 70г,Lays Шашлык 70г,70,Шашлык,1,83.99,7e-05,63.54
67,2024-09-01,Окей,Чипсы картофельные обычные,ЧСК обычные,Фрито Лэй,Lays,Чипсы картофельные  Lay's сыр 70г,Lays Сыр 70г,70,Сыр,8431,691348.0354,0.5901700000000001,529019.3099999998
68,2024-09-01,Окей,Чипсы картофельные обычные,ЧСК обычные,Фрито Лэй,Lays,Чипсы картофельные  Lay'sсметана-зелень 70г,Lays Сметана и зелень 70г,70,Сметана и зелень,17321,1411637.3807999995,1.21247,1086750.4700000007
69,2024-09-01,Окей,Чипсы картофельные обычные,ЧСК обычные,Фрито Лэй,Lays,Чипсы картофельные Lay's Краб 140г,Lays Краб 140г,140,Краб,11441,1643218.4612000005,1.60174,1253993.5900000003
70,2024-09-01,Окей,Чипсы картофельные обычные,ЧСК обычные,Фрито Лэй,Lays,Чипсы картофельные Lay's Краб 225г,Lays Краб 225г,225,Краб,5852,1256890.9929999998,1.3167,922404.87
71,2024-09-01,Окей,Чипсы картофельные обычные,ЧСК обычные,Фрито Лэй,Lays,Чипсы картофельные Lay's Краб 37г,Lays Краб 37г,37,Краб,1812,118885.43020000006,0.06704399999999998,72905.97
72,2024-09-01,Окей,Чипсы картофельные обычные,ЧСК обычные,Фрито Лэй,Lays,Чипсы картофельные Lay's Молодой зеленый лук 140г,Lays Молодой зеленый лук 140г,140,Лук,12687,1836215.2260000003,1.7761799999999996,1389955.0099999998
73,2024-09-01,Окей,Чипсы картофельные обычные,ЧСК обычные,Фрито Лэй,Lays,Чипсы картофельные Lay's Молодой зеленый лук 37г,Lays Молодой зеленый лук 37г,37,Лук,1851,123167.71329999997,0.06848699999999998,74487.87
74,2024-09-01,Окей,Чипсы картофельные обычные,ЧСК обычные,Фрито Лэй,Lays,Чипсы картофельные Lay's Натуральный 140г,Lays Оригинальные 140г,140,Оригинальные,10779,1558213.1799999997,1.5090599999999998,1179704.0999999996
75,2024-09-01,Окей,Чипсы картофельные обычные,ЧСК обычные,Фрито Лэй,Lays,Чипсы картофельные Lay's Ребра на Гриле 140г,Lays Ребрышки гриль 140г,140,Ребрышки гриль,7641,1110213.1168000004,1.0697400000000001,838012.26
76,2024-09-01,Окей,Чипсы картофельные обычные,ЧСК обычные,Фрито Лэй,Lays,Чипсы картофельные Lay's с солью 225г,Lays Соль 225г,225,Соль,4371,929406.2431000001,0.9834750000000002,680624.7100000001
77,2024-09-01,Окей,Чипсы картофельные обычные,ЧСК обычные,Фрито Лэй,Lays,Чипсы картофельные Lay's Сметана Зелень 37г,Lays Сметана и зелень 37г,37,Сметана и зелень,2430,160658.6466,0.08991000000000002,97678.74000000003
78,2024-09-01,Окей,Чипсы картофельные обычные,ЧСК обычные,Фрито Лэй,Lays,Чипсы картофельные Lay's Сметана/зелень 225г,Lays Сметана и зелень 225г,225,Сметана и зелень,5840,1249088.5972000002,1.3139999999999998,918928.6100000001
79,2024-09-01,Окей,Чипсы картофельные обычные,ЧСК обычные,Фрито Лэй,Lays,Чипсы картофельные Lay's Сметана/лук 225г,Lays Сметана и лук 225г,225,Сметана и лук,8722,1865855.3059,1.96245,1372932.0099999995
80,2024-09-01,Окей,Чипсы картофельные обычные,ЧСК обычные,Фрито Лэй,Lays,Чипсы картофельные Lay's Сметана-Зелень 140г,Lays Сметана и зелень 140г,140,Сметана и зелень,11634,1674439.7847,1.62876,1272393.9899999998
81,2024-09-01,Окей,Чипсы картофельные обычные,ЧСК обычные,Фрито Лэй,Lays,Чипсы картофельные Lay's Сметана-Лук 140г,Lays Сметана и лук 140г,140,Сметана и лук,16441,2387688.9307999997,2.30174,1796894.3000000003
82,2024-09-01,Окей,Чипсы картофельные обычные,ЧСК обычные,Фрито Лэй,Lays,Чипсы картофельные Lay's Сыр 140г,Lays Сыр 140г,140,Сыр,13085,1912454.5370999998,1.8319,1430078.0600000003
83,2024-09-01,Окей,Чипсы картофельные обычные,ЧСК обычные,Фрито Лэй,Lays,Чипсы картофельные Lay's Шашлык 140г,Lays Шашлык 140г,140,Шашлык,5082,747997.1107000001,0.7114799999999997,557493.6
84,2024-09-01,Окей,Чипсы картофельные обычные,ЧСК рифленые,Белпродукт ООО,Бульба,Бульба chips Чипсы из сырого картофеля со вкусом боровиков 75 г (25 шт.),Бульба Боровик 75г,75,Грибы Боровички,2373,187111.1973,0.177975,125518.09
85,2024-09-01,Окей,Чипсы картофельные обычные,ЧСК рифленые,Белпродукт ООО,Бульба,Бульба chips Чипсы из сырого картофеля со вкусом деревенских копченостей 75 г (25 шт.),Бульба Деревеские копченности 75г,75,Копчености,2048,161001.173,0.1536,108308.42000000001
86,2024-09-01,Окей,Чипсы картофельные обычные,ЧСК рифленые,Белпродукт ООО,Бульба,Бульба chips Чипсы из сырого картофеля со вкусом сметаны и лука 75 г (25 шт.),Бульба Сметана и лук 75г,75,Сметана и лук,1899,147543.42829999997,0.14242499999999994,100440.70000000003
87,2024-09-01,Окей,Чипсы картофельные обычные,ЧСК рифленые,Белпродукт ООО,Бульба,Бульба chips Чипсы из сырого картофеля со вкусом сметаны и сыра 75 г (25 шт.),Бульба Сметана и сыр 75г,75,Сметана и сыр,1714,134993.0986,0.12855,90651.47
88,2024-09-01,Окей,Чипсы картофельные обычные,ЧСК рифленые,Белпродукт ООО,Бульба,Чипсы картофельные обычные,Бульба Оригинальные 75г,75,Оригинальные,12,951.08,0.0009,634.69
89,2024-09-01,Окей,Чипсы картофельные обычные,ЧСК рифленые,Лоренц,Crunchips X-Cut,Чипсы картофельные рифленые Crunchips X-Cut со вкусом африканской Чакалаки,Crunchips X-Cut риф. Африканская чакалака 70г,100,Чакалака,2826,249785.77069999996,0.2826000000000001,155520.41
90,2024-09-01,Окей,Чипсы картофельные обычные,ЧСК рифленые,Лоренц,Crunchips X-Cut,Чипсы картофельные рифленые Crunchips. X-Cut со вкусом паприки 70г,Crunchips X-Cut риф. Паприка 70г,70,Паприка,1411,123613.7443,0.09876999999999998,77615.36
91,2024-09-01,Окей,Чипсы картофельные обычные,ЧСК рифленые,Лоренц,Crunchips X-Cut,Чипсы картофельные рифленые Crunchips. X-Cut со вкусом сметаны и специй 70г,Crunchips X-Cut риф. Сметана и специи 70г,70,Сметана и специи,1328,116019.89199999999,0.09295999999999999,72540.54000000001
92,2024-09-01,Окей,Чипсы картофельные обычные,ЧСК рифленые,Лоренц,Crunchips X-Cut,Чипсы картофельные рифленые Crunchips. X-Cut со вкусом сыра и лука 70г,Crunchips X-Cut риф. Сыр и лук 70г,70,Сыр и лук,1159,99250.0659,0.08113000000000002,63470.77
93,2024-09-01,Окей,Чипсы картофельные обычные,ЧСК рифленые,Москарт ООО,Московский картофель,Картофель Московский хруст. рифл со вкусом атлантического лосося в сливочном соусе 120г,Московский картофель риф. Антлантический лосось в слив. соусе 120г,120,Лосось и соус сливочный,3629,391367.1577,0.43548000000000014,213989.66999999995
94,2024-09-01,Окей,Чипсы картофельные обычные,ЧСК рифленые,Москарт ООО,Московский картофель,Картофель Московский хруст. рифл со вкусом белых грибов в сливочном соусе 120г,Московский картофель риф. Белые гибы в слив. соусе 120г,120,Грибы Белые и соус сливочный,4208,476038.4481000001,0.5049600000000001,248465.81000000003
95,2024-09-01,Окей,Чипсы картофельные обычные,ЧСК рифленые,Москарт ООО,Московский картофель,Картофель Московский хруст. рифл со вкусом маринованных огурцов 120г,Московский картофель риф. Маринованные огурцы 120г,120,Огурцы маринованные,3762,403895.33980000013,0.45143999999999995,221001.10999999996
96,2024-09-01,Окей,Чипсы картофельные обычные,ЧСК рифленые,Москарт ООО,Московский картофель,Картофель Московский хруст. рифл со вкусом паприки 120г,Московский картофель риф. Паприка 120г,120,Паприка,2587,277263.7620999999,0.31044,153096.30999999997
97,2024-09-01,Окей,Чипсы картофельные обычные,ЧСК рифленые,Москарт ООО,Московский картофель,Картофель Московский хруст. рифл со вкусом сыра пармезан 120г,Московский картофель риф Сыр пармезан 120г,120,Сыр,3686,396279.1898000001,0.44232000000000016,217454.01999999996
98,2024-09-01,Окей,Чипсы картофельные обычные,ЧСК рифленые,Москарт ООО,Московский картофель,Картофель Московский хруст. рифл со вкусом Томатного кетчупа 130г,Московский картофель риф. Томатный кетчуп 120г,130,Кетчуп,1,129.99,0.00013,81.96
99,2024-09-01,Окей,Чипсы картофельные обычные,ЧСК рифленые,Фрито Лэй,Lays,Чипсы картофельные  Lay's рифленые лобстер 70г,Lays риф. Лобстер 70г,70,Лобстер,4990,408290.4854000002,0.34930000000000005,313205.60999999987
100,2024-09-01,Окей,Чипсы картофельные обычные,ЧСК рифленые,Фрито Лэй,Lays,Чипсы картофельные  Lay's рифленые паприка 70г,Lays риф. Паприка 70г,70,Паприка,5603,458222.5804999999,0.39221,351936.4899999999
101,2024-09-01,Окей,Чипсы картофельные обычные,ЧСК рифленые,Фрито Лэй,Lays,Чипсы картофельные Lay's Рифленые Горчица 140г,Lays Горчица 140г,140,Горчица,1,139.99,0.00014,95.5
102,2024-09-01,Окей,Чипсы картофельные обычные,ЧСК рифленые,Фрито Лэй,Lays,Чипсы картофельные Lay's Рифленые Лобстер 140г,Lays риф. Лобстер 140г,140,Лобстер,8273,1184651.0474000005,1.15822,906554.5299999999
103,2024-09-01,Окей,Чипсы картофельные обычные,ЧСК рифленые,Фрито Лэй,Lays,Чипсы картофельные Lay's Рифленые Паприка 140г,Lays риф. Паприка 140г,140,Паприка,8587,1244857.0691,1.20218,941702.79
104,2024-09-01,Окей,Чипсы картофельные обычные,ЧСК рифленые,Фрито Лэй,Lays,Чипсы картофельные Lay's Рифлёные Паприка 225г,Lays риф. Паприка 225г,225,Паприка,5815,1239586.6157999998,1.3083750000000003,917023.2199999999
105,2024-09-01,Окей,Чипсы картофельные обычные,ЧСК рифленые,Фрито Лэй,Lays,Чипсы картофельные Lay's Рифленые Паприка 81г,Lays риф. Паприка 81г,81,Паприка,1,94.99,8.1e-05,60.44
106,2024-09-01,Окей,Чипсы картофельные обычные,ЧСК рифленые,Фрито Лэй,Lays,Чипсы картофельные Lay's Рифленые Сливочный лосось 140г,Lays риф. Лосось в слив. соусе 140г,140,Лосось и соус сливочный,11521,1678076.2607999998,1.61294,1263109.4300000002
107,2024-09-01,Окей,Чипсы картофельные обычные,ЧСК рифленые,Фрито Лэй,Lays МАХХ,Чипсы картофельные Lay's Max Грибы 110г,Lays МАХХ Грибы в сливочном соусе 110г,110,Грибы и соус сливочный,6137,728162.6003000003,0.6750700000000004,493728.5
108,2024-09-01,Окей,Чипсы картофельные обычные,ЧСК рифленые,Фрито Лэй,Lays МАХХ,Чипсы картофельные Lay's Max Куриные Крылышки Барбекю 110г,Lays МАХХ Куриные крылышки барбекю 110г,110,Курица,9396,1116076.2926000003,1.0335600000000003,755191.7400000001
109,2024-09-01,Окей,Чипсы картофельные обычные,ЧСК рифленые,Фрито Лэй,Lays МАХХ,Чипсы картофельные Lay's Max Пицца 110г,Lays МАХХ Пицца 4 сыра 110г,110,Пицца,7033,837978.1035999996,0.7736300000000004,565135.2800000003
110,2024-09-01,Окей,Чипсы картофельные обычные,ЧСК соломка,Лоренц,Pomsticks,Картофельные чипсы соломкой Pomsticks с морской солью и перцем,Pomsticks Морская соль и перец 100г,100,Соль и перец черный,4,230.0,0.00039999999999999996,220.14
111,2024-09-01,Окей,Чипсы картофельные обычные,ЧСК соломка,Лоренц,Pomsticks,Картофельные чипсы соломкой Pomsticks со вкусом сыра и лука 100гр,Pomsticks Сыр и лук 100г,100,Сыр и лук,2790,278314.5198999999,0.279,189262.36000000004
112,2024-09-01,Окей,Чипсы картофельные обычные,ЧСК соломка,Лоренц,Pomsticks,Чипсы картофельные Pomsticks соломкой Паприка 100г,Pomsticks Паприка 100г,100,Паприка,1801,169571.02569999997,0.1801,115888.21
113,2024-09-01,Окей,Чипсы картофельные обычные,ЧСК соломка,Лоренц,Pomsticks,Чипсы картофельные Pomsticks соломкой Сметана/Зелень 100г,Pomsticks Сметана и зелень 100г,100,Сметана и зелень,3332,313502.98799999995,0.33320000000000005,216312.03
114,2024-09-01,Окей,Чипсы картофельные обычные,ЧСК соломка,Лоренц,Pomsticks,Чипсы картофельные Pomsticks соломкой Соль 100г,Pomsticks Соль 100г,100,Соль,4184,400003.0553,0.41839999999999994,300959.9299999999
115,2024-09-01,Окей,Чипсы кукурузные,Кукурузная соломка,Фрито Лэй,CHEETOS,Кукурузные снеки Cheetos Кетчуп 50г,CHEETOS Кетчуп 50г,50,Кетчуп,5762,316688.0283999999,0.2881,237908.32
116,2024-09-01,Окей,Чипсы кукурузные,Кукурузная соломка,Фрито Лэй,CHEETOS,Кукурузные снеки Cheetos Кетчуп 85г,CHEETOS Кетчуп 85г,85,Кетчуп,5809,527452.0094,0.493765,369546.5100000002
117,2024-09-01,Окей,Чипсы кукурузные,Кукурузные начос,Мишн Фудс Ступино ООО,Delicados,"Чипсы кукурузные Delicados Лобстер с кусочками оливок, 150гр",Delicados кук. С кусочками оливок и лобстером 150г,150,Лобстер и оливки,4911,556418.7608000003,0.73665,307772.21000000014
118,2024-09-01,Окей,Чипсы кукурузные,Кукурузные начос,Мишн Фудс Ступино ООО,Delicados,"Чипсы кукурузные Delicados Сальса с кусочками чили, 150гр",Delicados кук. Пикантная сальса-чили 150г,150,Соус сальса,6713,759536.2699999999,1.0069499999999998,421114.16
119,2024-09-01,Окей,Чипсы кукурузные,Кукурузные начос,Мишн Фудс Ступино ООО,Delicados,"Чипсы кукурузные Delicados 'Со вкусом соуса Ранч', 150 гр",Delicados кук. Соус ранч 150г,150,Соус Ранч,5281,539058.0729,0.79215,309542.33999999985
120,2024-09-01,Окей,Чипсы кукурузные,Кукурузные начос,Мишн Фудс Ступино ООО,Delicados,Чипсы кукурузные Nachos барбекю 500г Delicados,Delicados кук. Барбекю 500г,500,Барбекю,3181,701004.3404000003,1.5904999999999991,493046.81999999995
121,2024-09-01,Окей,Чипсы кукурузные,Кукурузные начос,Мишн Фудс Ступино ООО,Delicados,Чипсы кукурузные Nachos Оливки/Паприка 150г Delicados,Delicados кук. С кусочками оливок и паприкой 150г,150,Паприка и оливки,5659,574404.2838000001,0.8488499999999998,361821.1299999999
122,2024-09-01,Окей,Чипсы кукурузные,Кукурузные начос,Мишн Фудс Ступино ООО,Delicados,Чипсы кукурузные Nachos Оригинальные 150г Delicados,Delicados кук. Оригинальные 150г,150,Оригинальные,3317,335110.38250000007,0.49755,177775.57999999996
123,2024-09-01,Окей,Чипсы кукурузные,Кукурузные начос,Мишн Фудс Ступино ООО,Delicados,Чипсы кукурузные Nachos оригинальные 500г Delicados,Delicados кук. Оригинальные 500г,500,Оригинальные,1667,363029.4721999999,0.8334999999999997,240753.16
124,2024-09-01,Окей,Чипсы кукурузные,Кукурузные начос,Мишн Фудс Ступино ООО,Delicados,Чипсы кукурузные Nachos Сыр 150г Delicados,Delicados кук. Сыр 150г,150,Сыр,8163,758495.5439999999,1.22445,459381.80000000034
125,2024-09-01,Окей,Чипсы кукурузные,Кукурузные начос,Мишн Фудс Ступино ООО,Mission,Начос MISSION сыр чеддер 150г,MISSION кук. Сыр чеддер 150г,150,Сыр,1391,129208.90209999996,0.20865000000000006,78682.25
126,2024-09-01,Окей,Чипсы кукурузные,Кукурузные начос,Мишн Фудс Ступино ООО,Mission,Чипсы кукурузные MISSION со вкусом лисички со сметаной 150 гр,MISSION кук. Лисички со сметаной 150г,150,Сметана и Грибы Лисички,1493,161548.18720000001,0.22395000000000007,91247.10000000003
127,2024-09-01,Окей,Чипсы кукурузные,Кукурузные начос,Мишн Фудс Ступино ООО,Mission,Чипсы кукурузные MISSION со вкусом томатов 150 гр,MISSION кук. Томат 150г,150,Томат,1662,179031.15660000007,0.24930000000000005,101252.52
128,2024-09-01,Окей,Чипсы кукурузные,Кукурузные начос,Мишн Фудс Ступино ООО,Mission,Чипсы кукурузные Nachos Камчатский краб MISSION  90 гр.,MISSION кук. Камчатский краб 90г,90,Краб,801,57138.650499999996,0.07209,28938.069999999996
129,2024-09-01,Окей,Чипсы кукурузные,Кукурузные начос,Мишн Фудс Ступино ООО,Mission,Чипсы кукурузные Nachos сметана с луком MISSION  90 гр.,MISSION кук.Сметана и лук 90г,90,Сметана и лук,822,60318.3227,0.07397999999999998,29588.499999999993
130,2024-09-01,Окей,Чипсы кукурузные,Кукурузные фигурные,"ООО ""РУССКАРТ-СИТИ""",СырBall,Кукурузные шарики со вкусом кетчупа СырBall 140г,СЫРBALL кук. Кетчуп 140г,140,Кетчуп,783,88246.9481,0.10961999999999993,51244.0
131,2024-09-01,Окей,Чипсы кукурузные,Кукурузные фигурные,"ООО ""РУССКАРТ-СИТИ""",СырBall,Кукурузные шарики со вкусом краба СырBall 140г,СЫРBALL кук. Краб 140г,140,Краб,723,84503.5038,0.10121999999999996,48003.429999999986
132,2024-09-01,Окей,Чипсы кукурузные,Кукурузные фигурные,Фрито Лэй,CHEETOS,Кукурузные снеки Cheetos Ветчина Сыр 50г,CHEETOS кук. Ветчина и сыр 50г,50,Сыр и ветчина,5372,291493.93730000005,0.2686,221577.80000000002
133,2024-09-01,Окей,Чипсы кукурузные,Кукурузные фигурные,Фрито Лэй,CHEETOS,Кукурузные снеки Cheetos Краб 85г,CHEETOS кук. Краб 85г,85,Краб,2337,211531.8188,0.19864500000000004,148754.23000000007
134,2024-09-01,Окей,Чипсы кукурузные,Кукурузные фигурные,Фрито Лэй,CHEETOS,Кукурузные снеки Cheetos Сыр 50г,CHEETOS кук. Сыр 50г,50,Сыр,8966,489939.29040000006,0.4483000000000001,369628.0800000001
135,2024-09-01,Окей,Чипсы кукурузные,Кукурузные фигурные,Фрито Лэй,CHEETOS,Кукурузные снэки Cheetos Сыр 85г,CHEETOS кук. Сыр  85г,85,Сыр,11707,1041673.5251000002,0.9950949999999998,744073.4699999999
136,2024-09-01,Окей,Чипсы кукурузные,Кукурузные фигурные,Фрито Лэй,CHEETOS,Снеки CHEETOS Кукурузные Кола 45г,CHEETOS Кола 45г,45,Кола,2165,122434.51000000001,0.09742499999999997,88876.54999999994
137,2024-09-01,Окей,Чипсы кукурузные,Кукурузные фигурные,Юникорн ООО,HOLYCORN,Кукурузные снеки со вкусом сметана и зелень 50 г,HOLYCORN Сметана и зелень 50г,50,Сметана и зелень,842,59169.82550000001,0.04210000000000001,36463.34000000001
138,2024-09-01,Окей,Чипсы кукурузные,Кукурузные фигурные,Юникорн ООО,HOLYCORN,Кукурузные снеки со вкусом 'сыр' 50 г.,HOLYCORN Сыр 50г,50,Сыр,1216,85622.78549999998,0.0608,49688.43
139,2024-09-01,Окей,Чипсы прессованные,Прессованные пластинки,Белпродукт ООО,MEGA CHIPS,Чипсы картофельные Mega Chips со вкусом бекона 100г,MEGA CHIPS Бекон 100г,100,Бекон,3685,302453.16769999993,0.3685,167405.30999999988
140,2024-09-01,Окей,Чипсы прессованные,Прессованные пластинки,Белпродукт ООО,MEGA CHIPS,Чипсы картофельные Mega Chips со вкусом грибов со сметаной 100г,MEGA CHIPS Грибы со сметаной 100г,100,Сметана и грибы,5418,441354.12329999986,0.5418000000000001,246092.42999999993
141,2024-09-01,Окей,Чипсы прессованные,Прессованные пластинки,Белпродукт ООО,MEGA CHIPS,Чипсы картофельные Mega Chips со вкусом норвежского лобстера 100г,MEGA CHIPS Норвежский лобстер 100г,100,Лобстер,4540,367472.8511000001,0.4540000000000001,206241.4899999999
142,2024-09-01,Окей,Чипсы прессованные,Прессованные пластинки,Белпродукт ООО,MEGA CHIPS,Чипсы картофельные Mega Chips со вкусом сметаны и лука 100г,MEGA CHIPS Сметана и лук 100г,100,Сметана и лук,7483,611600.0363999997,0.7482999999999997,339960.92999999993
143,2024-09-01,Окей,Чипсы прессованные,Прессованные пластинки,Белпродукт ООО,MEGA CHIPS,Чипсы картофельные Mega Chips со вкусом сметаны и сыра 100г,MEGA CHIPS Сметана и сыр 100г,100,Сметана и сыр,5875,485195.55329999997,0.5874999999999999,266899.36999999994
144,2024-09-01,Окей,Чипсы прессованные,Прессованные пластинки,ИП Ланина А.В.,О'кей,Чипсы картофельные со вкусом Барбекю ОКЕЙ 100г пластины,О'кей пласт. Барбекю 100г,100,Барбекю,4211,208805.47149999996,0.42110000000000003,114845.83
145,2024-09-01,Окей,Чипсы прессованные,Прессованные пластинки,ИП Ланина А.В.,О'кей,Чипсы картофельные со вкусом Грибов со Сметаной оКЕЙ 100г пластины,О'кей пласт. Грибы со сметаной 100г,100,Сметана и Грибами,4777,235696.81020000007,0.4777000000000002,140730.41999999993
146,2024-09-01,Окей,Чипсы прессованные,Прессованные пластинки,ИП Ланина А.В.,О'кей,Чипсы картофельные со вкусом Сметаны с луком ОКЕЙ 100г пластины,О'кей пласт. Сметана и лук 100г,100,Сметана и лук,7427,366898.69929999986,0.7427000000000001,218799.4199999999
147,2024-09-01,Окей,Чипсы прессованные,Прессованные пластинки,ИП Ланина А.В.,О'кей,Чипсы картофельные со вкусом Сыра и Сметаны ОКЕЙ 100г пластины,О'кей пласт. Сыр и сметана 100г,100,Сметана и сыр,5720,282582.274,0.5719999999999997,168511.19999999995
148,2024-09-01,Окей,Чипсы прессованные,Прессованные пластинки,ИП Ланина А.В.,О'кей,Чипсы картофельные со вкусом Томата с Зеленью ОКЕЙ 100г пластины,О'кей пласт. Томат с зеленью 100г,100,Томат с зеленью,5052,250407.95739999993,0.5052,148831.92
149,2024-09-01,Окей,Чипсы прессованные,Прессованные пластинки,ИП Ланина А.В.,О'кей,Чипсы картофельные со вкусом Холодца с Хреном ОКЕЙ 100г пластины,О'кей пласт. Холодец с хреном 100г,100,Холодец с хреном,3933,194758.22570000007,0.39330000000000026,115866.17999999996
150,2024-09-01,Окей,Чипсы прессованные,Прессованные пластинки,ИП Ланина А.В.,О'кей,Чипсы картофельные со вкусом Чили ОКЕЙ 100г пластины,О'кей пласт. Чили 100г,100,Чили,4927,244461.79669999998,0.4927000000000001,145149.41999999998
151,2024-09-01,Окей,Чипсы прессованные,Прессованные в тубе,Келлогг Рус ООО,Pringles,"Принглс Картофельные чипсы Cheese and Onions Сыр и Лук 165г, Бельгия",PRINGLES Сыр и лук 165г,165,Сыр и лук,3231,1061448.716,0.5331150000000001,780286.5
152,2024-09-01,Окей,Чипсы прессованные,Прессованные в тубе,Келлогг Рус ООО,Pringles,"Принглс Картофельные чипсы Original 165г, Бельгия",PRINGLES Оригинальные 165г,165,Оригинальные,2413,793535.2955000001,0.398145,582738.97
153,2024-09-01,Окей,Чипсы прессованные,Прессованные в тубе,Келлогг Рус ООО,Pringles,Принглс Картофельные чипсы Salt & Vinegar Соль и уксус 165г,PRINGLES Соль и уксус 165г,165,Соль и уксус,577,189300.15400000004,0.095205,139345.5
154,2024-09-01,Окей,Чипсы прессованные,Прессованные в тубе,Келлогг Рус ООО,Pringles,Чипсы Pringles Паприка 185 гр,PRINGLES Паприка 185г,185,Паприка,4,1262.18,0.00074,869.77
155,2024-09-01,Окей,Чипсы прессованные,Прессованные в тубе,Келлогг Рус ООО,Pringles,Чипсы картофельные Pringles Паприка 165г,PRINGLES Паприка 165г,165,Паприка,4050,1335969.7030000002,0.66825,978075.0
156,2024-09-01,Окей,Чипсы прессованные,Прессованные в тубе,Келлогг Рус ООО,Pringles,Чипсы картофельные Pringles Сметана и Лук 165г,PRINGLES Сметана и лук 165г,165,Сметана и лук,1,172.0,0.000165,241.5
157,2024-09-01,Окей,Чипсы прессованные,Прессованные в тубе,Фрито Лэй,Lays STAX,Чипсы картофельные Lay's Stax Нежная сметана/лук 140г,Lays STAX Нежная сметана и лук 140г,140,Сметана и лук,5746,1221489.7524,0.80444,923459.7700000001
158,2024-09-01,Окей,Чипсы прессованные,Прессованные в тубе,Фрито Лэй,Lays STAX,Чипсы картофельные Lay's Stax Пикантная паприка 140г,Lays STAX Пикантная паприка 140г,140,Паприка,1788,381102.35,0.25032,284625.28000000014
159,2024-09-01,Окей,Чипсы прессованные,Прессованные в тубе,Фрито Лэй,Lays STAX,Чипсы картофельные Lay's Stax Ребрышки барбекю 140г,Lays STAX Ароматные ребрышки барбекю 140г,140,Ребрышки барбекю,2231,477746.927,0.31234,354922.34999999986
160,2024-09-01,Окей,Чипсы прессованные,Прессованные фигурные,Келлогг Рус ООО,CHEESL'S,Чипсы пшенично-картофельные запечённые с сыром 'CHEESL`S' со вкусом двойного сыра 100г,CHEESL'S пш. Двойной сыр 100г,100,Сыр,1383,141517.43110000005,0.13829999999999995,87913.90999999996
161,2024-09-01,Окей,Чипсы прессованные,Прессованные фигурные,Келлогг Рус ООО,CHEESL'S,Чипсы пшенично-картофельные запечённые с сыром 'CHEESL`S' со вкусом двойного сыра 50 г,CHEESL'S пш. Двойной сыр 50г,50,Сыр,1283,78337.9955,0.06415000000000001,51102.94000000001
162,2024-09-01,Окей,Чипсы прессованные,Прессованные фигурные,Келлогг Рус ООО,CHEESL'S,Чипсы пшенично-картофельные запечённые с сыром 'CHEESL`S' со вкусом сметаны и лука 100г,CHEESL'S пш. Сметана и лук 100г,100,Сметана и лук,963,98556.26100000007,0.09630000000000002,61525.26999999999
163,2024-09-01,Окей,Чипсы прессованные,Прессованные фигурные,Келлогг Рус ООО,CHEESL'S,Чипсы пшенично-картофельные запечённые с сыром 'CHEESL`S' со вкусом сметаны и лука 50г,CHEESL'S пш. Сметана и лук 50г,50,Сметана и лук,1125,69100.75219999997,0.056249999999999994,44833.65000000001
164,2024-09-01,Окей,Чипсы прессованные,Прессованные фигурные,"ООО ""РУССКАРТ-СИТИ""",Русская картошка,"Чипсы картофельные РУССКАЯ КАРТОШКА со вкусом креветки темпура с васаби,105г",Русская картошка Креветки теемпура с васаби 105г,105,Креветки и васаби,1317,148864.67520000003,0.13828500000000002,110667.51
165,2024-09-01,Окей,Чипсы прессованные,Прессованные фигурные,"ООО ""РУССКАРТ-СИТИ""",Русская картошка,"Чипсы картофельные РУССКАЯ КАРТОШКА со вкусом Куриные крылышки, Мексиканская серия 105г",Русская картошка Куриные крылышки 105г,105,Курица,1206,149146.9155,0.12663,73516.19999999998
166,2024-09-01,Окей,Чипсы прессованные,Прессованные фигурные,"ООО ""РУССКАРТ-СИТИ""",Русская картошка,"Чипсы картофельные РУССКАЯ КАРТОШКА со вкусом сладкого чили,105г",Русская Картошка Сладкий чили 105г,105,Чили,899,125100.00440000003,0.09439500000000003,75542.96999999997
167,2024-09-01,Окей,Чипсы прессованные,Прессованные фигурные,"ООО ""РУССКАРТ-СИТИ""",Русская картошка,"Чипсы картофельные РУССКАЯ КАРТОШКА со вкусом Сыр Начо, Мексиканская серия 105г",Русская картошка Сыр начо 105г,105,Сыр начо,1658,205009.70909999998,0.17409,101077.70000000001
168,2024-09-01,Окей,Чипсы прессованные,Прессованные фигурные,"ООО ""РУССКАРТ-СИТИ""",Русская картошка,Чипсы РУССКАЯ КАРТОШКА 190г со вкусом жареной курицы,Русская картошка Жареная курица 190г,190,Курица,1923,351812.8643999999,0.36537,202722.69
169,2024-09-01,Окей,Чипсы прессованные,Прессованные фигурные,"ООО ""РУССКАРТ-СИТИ""",Русская картошка,Чипсы РУССКАЯ КАРТОШКА 190г со вкусом зеленого лука и сметаны,Русская картошка Сметана и лук 190г,190,Сметана и лук,2579,478016.2695000001,0.49001,273118.09
170,2024-09-01,Окей,Чипсы прессованные,Прессованные фигурные,"ООО ""РУССКАРТ-СИТИ""",Русская картошка,Чипсы РУССКАЯ КАРТОШКА 190г со вкусом краба,Русская картошка Камчатскиий краб 190г,190,Краб,1662,302683.9133999999,0.31578000000000006,175020.64000000007
171,2024-09-01,Окей,Чипсы прессованные,Прессованные фигурные,"ООО ""РУССКАРТ-СИТИ""",Русская картошка,Чипсы РУССКАЯ КАРТОШКА 75г со вкусом мурманских креветок,Русская картошка Креветки 75г,75,Креветки,1637,159894.07999999996,0.122775,70134.09
172,2024-09-01,Окей,Чипсы прессованные,Прессованные фигурные,"ООО ""РУССКАРТ-СИТИ""",Русская картошка,Чипсы РУССКАЯ КАРТОШКА 75г со вкусом сливочного сыра,Русская картошка Сливочный сыр 75г,75,Сыр сливочный ,2005,195816.2376,0.150375,86027.36000000002
173,2024-09-01,Окей,Чипсы прессованные,Прессованные фигурные,"ООО ""РУССКАРТ-СИТИ""",Русская картошка,Чипсы РУССКАЯ КАРТОШКА 75г со вкусом сливочного сыра,Русская картошка Сливочный сыр 75г,75,Сыр сливочный ,33,3299.67,0.002475,1418.42
174,2024-09-01,Окей,Чипсы прессованные,Прессованные фигурные,"ООО ""РУССКАРТ-СИТИ""",Русская картошка,Чипсы РУССКАЯ КАРТОШКА 75г со вкусом фермерской сметаны и укропа,Русская картошка Фермерская сметана и укроп 75г,75,Сметана и укроп,2460,240534.8244,0.18449999999999994,108572.19000000005
175,2024-09-01,Окей,Чипсы прессованные,Приссованные рифленые,"""МАТЯШ""ООО",Лайк овал,Чипсы LAY'S Из Печи Злак Вяленый Томат и Базилик 81г,Лейз из печи Томат и базилик 81г,81,Томат и базилик,7871,858757.6402,0.6375510000000001,585190.77
176,2024-09-01,Окей,Чипсы прессованные,Приссованные рифленые,"""МАТЯШ""ООО",Лайк овал,Чипсы картофельные  Lay's из печи со вкусом Хамона 81г,Лейз из печи Хамон 81г,81,Хамон,45,4156.87,0.003645,3424.1000000000004
177,2024-09-01,Окей,Чипсы прессованные,Приссованные рифленые,"""МАТЯШ""ООО",Лайк овал,Чипсы картофельные Lay's Из Печи Лисички/сметана 85г,Лейз из печи Лисички в сметане 85г,85,Сметана и Грибы Лисички,8990,1017351.6823999999,0.76415,669663.5099999999
178,2024-09-01,Окей,Чипсы прессованные,Приссованные рифленые,"""МАТЯШ""ООО",Лайк овал,Чипсы картофельные Lay's Из Печи Нежный сыр/зелень 85г,Лейз из печи Нежный сыр и зелень 85г,85,Сыр и зелень,5924,676819.5372999999,0.50354,439468.83000000013
179,2024-09-01,Окей,Чипсы прессованные,Приссованные рифленые,"""МАТЯШ""ООО",Лайк овал,Чипсы картофельные Lay's Из Печи Сметана/зелень 85г,Лейз из печи Сметана и зелень 85г,85,Сметана и зелень,9,873.41,0.0007650000000000001,658.54
180,2024-09-01,Окей,Чипсы прочие,Кукурузно-рисовые,Евро фудс ООО,Happy Crisp,Чипсы кукурузно-рисовые HAPPY CRISP Cметана и Лук 50г,Happy Crisp Альпийский сыр 50г,50,Сметана и лук,1524,78844.55009999998,0.0762,38821.97999999998
181,2024-09-01,Окей,Чипсы прочие,Кукурузно-рисовые,Евро фудс ООО,Happy Crisp,Чипсы кукурузно-рисовые HAPPY CRISP Альпийский сыр 50г,Happy Crisp Альпийский сыр 50г,50,Сыр,1369,71581.09360000001,0.06845000000000002,35156.75000000001
182,2024-09-01,Окей,Чипсы прочие,Кукурузно-рисовые,Евро фудс ООО,Happy Crisp,Чипсы кукурузно-рисовые HAPPY CRISP Пряный томат 50г,Happy Crisp Альпийский сыр 50г,50,Томат,1504,78998.4122,0.07520000000000003,38292.329999999994
183,2024-09-01,Окей,Чипсы прочие,Пшеничные,"""АВАНГАРД ИННОВАЦИИ""ООО",Краш Лаваш,Чипсы из лаваша Краш Лаваш со вкусом Паприка 80г,Краш Лаваш Паприка 80г,80,Паприка,2,142.98,0.00016,80.28
184,2024-09-01,Окей,Чипсы прочие,Пшеничные,"""АВАНГАРД ИННОВАЦИИ""ООО",Краш Лаваш,Чипсы из лаваша Краш Лаваш со вкусом Сметана и лук 80г,Краш Лаваш Сметана и лук 80г,80,Сметана и лук,38,894.39,0.00304,1528.2
185,2024-09-01,Окей,Чипсы прочие,Пшеничные,"""АВАНГАРД ИННОВАЦИИ""ООО",Краш Лаваш,Чипсы из лаваша Краш Лаваш со вкусом Сметана с укропом 80 г,Краш Лаваш Сметана и укроп 80г,80,Сметана и укроп,1,69.99,8e-05,39.74
186,2024-09-01,Окей,Чипсы прочие,Пшеничные,ИП Азаров А. В.,AZAR Лавашики,Лавашики ТМ Azar со вкусом зелёного лука 100г,AZAR Лавашики Зеленый лук 100г,100,Лук,1007,89675.12999999999,0.10070000000000004,47063.68
187,2024-09-01,Окей,Чипсы прочие,Пшеничные,ИП Азаров А. В.,AZAR Лавашики,Лавашики ТМ Azar со вкусом колбасок с чесноком 100г,AZAR Лавашики Колбаски с чесноком 100г,100,Колбаски с чесноком,782,69624.93330000002,0.0782,36761.479999999996
