,Период,Сеть,Категория,Категория 2,Поставщик,Бренд,Наименование,УНИ Наименование,Граммовка,Вкусы,"Продажи, шт ","Продажи, руб ","Продажи, тонн ","Себест., руб "
0,2024-09-01,Перекрёсток,Чипсы картофельные обычные,ЧСК обычные,"АО ""ТРАНСАТЛАНТИК ИНТЕРНЕЙШНЛ""",Savoursmiths,SAVOUR.Чип.кар.вкус.ит.сыр/пор.руб.150г,Savoursmiths Итальянский сыр и порто руби 150г,150,Сыр и порто руби,208,99426.6400000001,0.03120000000000008,58307.63999999994
1,2024-09-01,Перекрёсток,Чипсы картофельные обычные,ЧСК обычные,"АО ""ТРАНСАТЛАНТИК ИНТЕРНЕЙШНЛ""",Savoursmiths,SAVOUR.Чип.карт.сыр.чеддр/лук-шалот 150г,Savoursmiths Сыр.чеддр и лук-шалот 150г,150,Сыр и лук-шалот,225,105909.55000000009,0.033750000000000065,62916.05999999997
2,2024-09-01,Перекрёсток,Чипсы картофельные обычные,ЧСК обычные,"АО ""ТРАНСАТЛАНТИК ИНТЕРНЕЙШНЛ""",Savoursmiths,SAVOURSM.Чипсы карт.с сол.пуст.150г,Savoursmiths Соль пустыни 150г,150,Соль,84,37699.30000000002,0.012600000000000012,23510.027999999995
3,2024-09-01,Перекрёсток,Чипсы картофельные обычные,ЧСК обычные,Seykar gida san. VE. TIC. LTD.,PATTES,PATTES Чипсы КЛАССИЧЕСКИЕ картофель.100г,PATTES Оригинальные 100г,100,Оригинальные,75,12236.779999999995,0.0075000000000000015,7181.699999999997
4,2024-09-01,Перекрёсток,Чипсы картофельные обычные,ЧСК обычные,Seykar gida san. VE. TIC. LTD.,PATTES,PATTES Чипсы со вк.йогур/трав карт.100г,PATTES Йогурт и травы 100г,100,Йогурт и травы,6,865.33,0.0006000000000000001,604.8
5,2024-09-01,Перекрёсток,Чипсы картофельные обычные,ЧСК обычные,Seykar gida san. VE. TIC. LTD.,PATTES,PATTES Чипсы со вкус.кр.пер.картоф.100г,PATTES Красный перец 100г,100,Перец красный,5,949.35,0.0005,475.98
6,2024-09-01,Перекрёсток,Чипсы картофельные обычные,ЧСК обычные,Белпродукт ООО,Бульба картошечка по-деревенски,БУЛЬБА Чип.CHIPS вк.ут/соус.бр.карт.150г,Бульба картошечка по-деревенски Утка с брусн. соусом 150г,150,Утка и соус брусничный,22,2476.1,0.0033,1526.7000000000003
7,2024-09-01,Перекрёсток,Чипсы картофельные обычные,ЧСК обычные,Белпродукт ООО,Бульба картошечка по-деревенски,БУЛЬБА Чипсы сыр.карт.вк.перца/соли 150г,Бульба картошечка по-деревенски Соль и перец 150г,150,Соль и перец черный,19,1891.8000000000002,0.00285,1319.0040000000001
8,2024-09-01,Перекрёсток,Чипсы картофельные обычные,ЧСК обычные,Белпродукт ООО,Бульба картошечка по-деревенски,БУЛЬБА Чипсы сыр.карт.вк.трюф.соуса 150г,Бульба картошечка по-деревенски Трюфельный соус 150г,150,Трюфель,5,354.28999999999996,0.00075,347.03999999999996
9,2024-09-01,Перекрёсток,Чипсы картофельные обычные,ЧСК обычные,Бумажная бумага,EASY PEASY,EASY PEASY Картоф.СО ВКУС.КРАБА хрус.50г,EASY PEASY Краб 50г,50,Краб,1,58.0,5e-05,37.26
10,2024-09-01,Перекрёсток,Чипсы картофельные обычные,ЧСК обычные,Бумажная бумага,EASY PEASY,EASY PEASY Картоф.СО ВКУС.СЫРА хрус.50г,EASY PEASY Сыр 50г,50,Сыр,4,231.96,0.0002,149.04
11,2024-09-01,Перекрёсток,Чипсы картофельные обычные,ЧСК обычные,Бумажная бумага,EASY PEASY,EASY PEASY Картоф.СО ВКУС.ШАУР.хрус.50г,EASY PEASY Шаурма 100г,100,Шаурма,5,227.95999999999998,0.0005,186.29999999999998
12,2024-09-01,Перекрёсток,Чипсы картофельные обычные,ЧСК обычные,"ООО ""А.И.Е.-ПРЕМИУМ""",FOX,FOX Чипсы картоф.с чер.пер/мор.сол.120г,FOX Черный перец и мосркая соль 120г,120,Соль и перец черный,305,145956.18000000008,0.03659999999999997,72953.20799999998
13,2024-09-01,Перекрёсток,Чипсы картофельные обычные,ЧСК обычные,"ООО ""А.И.Е.-ПРЕМИУМ""",FOX,FOX Чипсы картофельные с бальз.укс.120г,FOX Бальзамический уксус 120г,120,Уксус бальзамический,233,121026.0900000001,0.02795999999999998,51139.13999999994
14,2024-09-01,Перекрёсток,Чипсы картофельные обычные,ЧСК обычные,"ООО ""ГК У АВГУСТА""",Amica Chips,AM.CH.Чипсы EL.кар.чер.тр.пон.с.жир.100г,Amica Chips ELDORADA Черный трюфель 100 г,100,Трюфель,352,162123.2199999999,0.03520000000000001,91255.29600000018
15,2024-09-01,Перекрёсток,Чипсы картофельные обычные,ЧСК обычные,"ООО ""ГК У АВГУСТА""",Amica Chips,AM.CH.Чипсы ELDOR.карт.пон.сод.жир.130г,Amica Chips ELDORADA Оригинальные 130 г,130,Оригинальные,447,224748.78999999998,0.05811000000000006,115771.2119999998
16,2024-09-01,Перекрёсток,Чипсы картофельные обычные,ЧСК обычные,"ООО ""ГК У АВГУСТА""",Amica Chips,AM.CH.Чипсы карт.вк.лим/баз.пон.с.ж.130г,Amica Chips ELDORADA Лимона и базилик 130 г,130,Лимон и базилик,294,146570.09000000017,0.03822000000000005,76144.82399999986
17,2024-09-01,Перекрёсток,Чипсы картофельные обычные,ЧСК обычные,Импортлогистик ООО  ,San Carlo,S.CAR.Чипсы картоф.лайм/роз.пер.150г,San Carlo Лайм и розовый перец 150 г,150,Лайм и перец розовый,2501,678002.2999999984,0.37515000000000026,453197.73599999945
18,2024-09-01,Перекрёсток,Чипсы картофельные обычные,ЧСК обычные,Импортлогистик ООО  ,San Carlo,S.CAR.Чипсы картоф.паприка 150г,San Carlo Паприка 150 г,150,Паприка,1369,377755.35999999935,0.20535000000000014,245862.144
19,2024-09-01,Перекрёсток,Чипсы картофельные обычные,ЧСК обычные,Импортлогистик ООО  ,San Carlo,S.CAR.Чипсы картоф.томат 150г,San Carlo Томат 150 г,150,Томат,1956,519596.1799999988,0.2934000000000003,354390.7080000001
20,2024-09-01,Перекрёсток,Чипсы картофельные обычные,ЧСК обычные,Импортлогистик ООО  ,San Carlo,S.CAR.Чипсы КЛАССИКА картоф.180г,San Carlo Классика 180 г,180,Оригинальные,2642,784019.5899999989,0.47556000000000176,532991.484
21,2024-09-01,Перекрёсток,Чипсы картофельные обычные,ЧСК обычные,Импортлогистик ООО  ,San Carlo,SAN CARLO Чипсы карт.вк.соуса песто 150г,San Carlo Соус песто 150 г,150,Песто,534,188006.16999999998,0.08009999999999994,94608.98399999995
22,2024-09-01,Перекрёсток,Чипсы картофельные обычные,ЧСК обычные,КДВ ООО,Хрустящий картофель,Картоф.хруст.в ломт.с солью160г,Хрустящий картофель Соль 160г,160,Соль,26350,4227085.620000015,4.216000000000002,2496132.9479999994
23,2024-09-01,Перекрёсток,Чипсы картофельные обычные,ЧСК обычные,КДВ ООО,Хрустящий картофель,Картофель хруст.со вк.смет.и лука 160г,Хрустящий картофель Сметана и лук 160г,160,Сметана и лук,7,1294.93,0.00112,663.5999999999999
24,2024-09-01,Перекрёсток,Чипсы картофельные обычные,ЧСК обычные,КДВ ООО,Хрустящий картофель,ХРУСТ.КАРТ.Чипсы карт.нат.вк.смет/лук70г,Хрустящий картофель Сметана и лук 70г,70,Сметана и лук,16532,1202071.4699999988,1.1572400000000016,733390.0079999991
25,2024-09-01,Перекрёсток,Чипсы картофельные обычные,ЧСК обычные,КДВ ООО,Хрустящий картофель,ХРУСТЯЩИЙ КАРТОФЕЛЬ Чипсы с солью 70г,Хрустящий картофель Соль 70г,70,Соль,18440,1350149.5599999982,1.290800000000002,818542.2599999992
26,2024-09-01,Перекрёсток,Чипсы картофельные обычные,ЧСК обычные,"ООО ""КОЛЕНКИ ПЧЕЛЫ""",Lava Lava,LAVA LAVA Картофель хр.вкус.смет/зел.50г,LAVA LAVA Сметана и зелень 50г,50,Сметана и зелень,13844,1048541.8999999993,0.6921999999999984,564084.0000000008
27,2024-09-01,Перекрёсток,Чипсы картофельные обычные,ЧСК обычные,"ООО ""КОЛЕНКИ ПЧЕЛЫ""",Lava Lava,LAVA LAVA Картофель хруст.вкус.кетч.50г,LAVA LAVA Кетчуп 50г,50,Кетчуп,10000,720187.3099999985,0.49999999999999883,407153.0519999997
28,2024-09-01,Перекрёсток,Чипсы картофельные обычные,ЧСК обычные,"ООО ""КОЛЕНКИ ПЧЕЛЫ""",Lava Lava,LAVA LAVA Картофель хруст.вкус.краба 50г,LAVA LAVA Краб 50г,50,Краб,10126,768417.8899999993,0.5062999999999992,412132.6800000001
29,2024-09-01,Перекрёсток,Чипсы картофельные обычные,ЧСК обычные,"ООО ""КОЛЕНКИ ПЧЕЛЫ""",Lava Lava,LAVA LAVA Картофель хруст.вкус.пельм.50г,LAVA LAVA Краб 50г,50,Пельмени,6592,474211.21999999956,0.3295999999999998,267334.16399999976
30,2024-09-01,Перекрёсток,Чипсы картофельные обычные,ЧСК обычные,"ООО ""КОЛЕНКИ ПЧЕЛЫ""",Lava Lava,LAVA LAVA Картофель хруст.вкус.сыра 50г,LAVA LAVA Сыр 50г,50,Сыр,9168,696013.9200000002,0.45839999999999903,372786.62400000036
31,2024-09-01,Перекрёсток,Чипсы картофельные обычные,ЧСК обычные,"ООО ""КОЛЕНКИ ПЧЕЛЫ""","ЭУ,ПАЦАН","ЭУ,ПАЦАН Карт.со вкус.гов.лук.хруст.50г","ЭУ,ПАЦАН Говядина и Лук 50г",50,Говядина и лук,3427,272541.72999999986,0.17134999999999967,152556.22800000015
32,2024-09-01,Перекрёсток,Чипсы картофельные обычные,ЧСК обычные,"ООО ""КОЛЕНКИ ПЧЕЛЫ""","ЭУ,ПАЦАН","ЭУ,ПАЦАН Картоф.со вкус.краба хруст.50г","ЭУ,ПАЦАН Краб 50г",50,Краб,4260,324323.2099999998,0.21299999999999983,188857.10399999967
33,2024-09-01,Перекрёсток,Чипсы картофельные обычные,ЧСК обычные,"ООО ""КОЛЕНКИ ПЧЕЛЫ""","ЭУ,ПАЦАН","ЭУ,ПАЦАН Картоф.со вкус.см.с лук.хр.50г","ЭУ,ПАЦАН Сметана и Лук 50г",50,Сметана и лук,5411,418699.38999999943,0.2705499999999997,240113.3639999998
34,2024-09-01,Перекрёсток,Чипсы картофельные обычные,ЧСК обычные,"ООО ""КОЛЕНКИ ПЧЕЛЫ""","ЭУ,ПАЦАН","ЭУ,ПАЦАН Картоф.со вкусом сыра хруст.50г","ЭУ,ПАЦАН Сыр 50г",50,Сыр,889,67877.55,0.044450000000000066,39392.484000000026
35,2024-09-01,Перекрёсток,Чипсы картофельные обычные,ЧСК обычные,Лоренц,Naturals,LORENZ Чипсы NAT.карт.вк.соуса пес.100г,NATURALS Пето 100г,100,Песто,8728,1042609.5699999997,0.8727999999999994,580960.2479999998
36,2024-09-01,Перекрёсток,Чипсы картофельные обычные,ЧСК обычные,Лоренц,Naturals,LORENZ Чипсы NATUR.карт.вк.чес/зел.100г,NATURALS Чеснок и зелень 100г,100,Чеснок и зелень,17802,2169455.079999999,1.780199999999997,1183396.4159999993
37,2024-09-01,Перекрёсток,Чипсы картофельные обычные,ЧСК обычные,Лоренц,Naturals,LORENZ Чипсы NATUR.карт.мор.сол/перц100г,NATURALS Морская соль и перец 100г,100,Соль и перец черный,30582,3703384.16,3.058199999999999,2037332.9159999955
38,2024-09-01,Перекрёсток,Чипсы картофельные обычные,ЧСК обычные,Лоренц,Naturals,LORENZ Чипсы NATUR.карт.с паприк.100г,NATURALS Паприка 100г,100,Паприка,33983,4138874.5700000054,3.398300000000008,2265985.068000001
39,2024-09-01,Перекрёсток,Чипсы картофельные обычные,ЧСК обычные,Лоренц,Naturals,LORENZ Чипсы NATUR.КЛАС.карт.с солью100г,NATURALS Морская соль и перец 100г,100,Соль,40208,4858386.3400000045,4.020800000000001,2680355.4360000025
40,2024-09-01,Перекрёсток,Чипсы картофельные обычные,ЧСК обычные,Лоренц,Naturals,LORENZ Чипсы NATURALS карт.бел.гриб.100г,NATURALS Белые грибы 100г,100,Грибы Белые,23370,2831747.7299999995,2.3369999999999993,1557139.0680000002
41,2024-09-01,Перекрёсток,Чипсы картофельные обычные,ЧСК обычные,Лоренц,Naturals,LORENZ Чипсы NATURALS карт.с парм.100г,NATURALS Пармезан 100г,100,Сыр,29949,3611066.689999996,2.994899999999995,1995288.7559999987
42,2024-09-01,Перекрёсток,Чипсы картофельные обычные,ЧСК обычные,Лоренц,Naturals,LORENZ Чипсы NATURALS карт.с розмар.100г,NATURALS Розмарин 100г,100,Розмарин,24076,2922517.230000002,2.4075999999999937,1602253.5479999988
43,2024-09-01,Перекрёсток,Чипсы картофельные обычные,ЧСК обычные,Лоренц,Naturals,NATURALS Чипсы картоф.с бальзам.укс.90г,NATURALS Бальзамический уксус 90г,90,Уксус бальзамический,8108,977091.229999999,0.729720000000001,563227.3319999996
44,2024-09-01,Перекрёсток,Чипсы картофельные обычные,ЧСК обычные,Лоренц,Lorenz Деревенские,LORENZ Чипсы ДЕРЕВЕН.вк.жар.рыжик.150г,Lorenz Деревенские Жаренные рыжики 150г,150,Грибы Рыжики,3848,746017.2999999997,0.5771999999999995,350673.24000000034
45,2024-09-01,Перекрёсток,Чипсы картофельные обычные,ЧСК обычные,Лоренц,Lorenz Деревенские,LORENZ Чипсы ДЕРЕВЕНСК.со вк.хр.карт150г,Lorenz Деревенские вкус Хрена 150г,150,Хрена,2262,430197.35,0.3393000000000001,206223.24000000002
46,2024-09-01,Перекрёсток,Чипсы картофельные обычные,ЧСК обычные,Маревен Фуд Сэнтрал ООО,Big Bon,BIG BON Чипсы сыр.карт.вк.смет/лука 75г,Big Bon Сметана и лук 75г,75,Сметана и лук,8538,469749.1799999994,0.6403499999999994,227167.79999999996
47,2024-09-01,Перекрёсток,Чипсы картофельные обычные,ЧСК обычные,Маревен Фуд Сэнтрал ООО,Big Bon,BIG BON Чипсы сыр.карт.с мор.солью 75г,Big Bon Морская соль 75г,75,Соль,8361,455980.32999999955,0.6270749999999986,227277.7800000002
48,2024-09-01,Перекрёсток,Чипсы картофельные обычные,ЧСК обычные,Маревен Фуд Сэнтрал ООО,Big Bon,BIG BON Чипсы сыр.карт.со вкус.краба 75г,Big Bon Краб 75г,75,Краб,7124,391792.37999999983,0.5342999999999997,189995.32799999975
49,2024-09-01,Перекрёсток,Чипсы картофельные обычные,ЧСК обычные,Маревен Фуд Сэнтрал ООО,Big Bon,BIG BON Чипсы сыр.карт.со вкус.сыра 75г,Big Bon Сыр 75г,75,Сыр,7084,387593.7999999995,0.5312999999999994,187972.4399999997
50,2024-09-01,Перекрёсток,Чипсы картофельные обычные,ЧСК рифленые,Глобал Снэк ООО,Bon Giorno,BON GIOR.Чип.кар.риф.вкус.Кар.Лук Сыр80г,BON GIORNO риф. Карамелизованный лук и сыр 80г,80,Сыр и лук,9759,1007206.4899999978,0.7807199999999995,477443.9039999994
51,2024-09-01,Перекрёсток,Чипсы картофельные обычные,ЧСК обычные,Глобал Снэк ООО,Bon Giorno,BON GIOR.Чипсы карт.вк.Кр.Бел.Вин.80г,BON GIORNO Креветки в белом вине 80г,80,Креветки и вино,11890,1264306.5999999973,0.9511999999999998,582041.6399999995
52,2024-09-01,Перекрёсток,Чипсы картофельные обычные,ЧСК обычные,Глобал Снэк ООО,Bon Giorno,BON GIOR.Чипсы карт.вк.Лис.По-Мил.80г,BON GIORNO Лисички по-милански 80г,80,Грибы Лисички,16370,1834667.6499999973,1.3096000000000012,806823.9239999994
53,2024-09-01,Перекрёсток,Чипсы картофельные обычные,ЧСК обычные,Глобал Снэк ООО,Bon Giorno,BON GIOR.Чипсы карт.вк.Хам.Де Тер.80г,BON GIORNO Хамон 80г,80,Хамон,9306,998729.8899999987,0.7444800000000008,452926.1519999989
54,2024-09-01,Перекрёсток,Чипсы картофельные обычные,ЧСК рифленые,Глобал Снэк ООО,Bon Giorno,BON GIOR.Чипсы карт.риф.вкус.Ср.Лоб.80г,BON GIORNO риф. Средиземноморский лобстер 80г,80,Лобстер,2172,236313.55000000034,0.17375999999999936,103743.34800000004
55,2024-09-01,Перекрёсток,Чипсы картофельные обычные,ЧСК обычные,Москарт ООО,Golden Life,GOLD.LIFE Карт.СО ВК.ЛАП.РАМ.КИМ.хр.90г,Golden Life Лапша рамен и кимчи 90г,90,Лапша рамен и кимчи,12634,1394670.2999999986,1.1370599999999997,722427.4800000006
56,2024-09-01,Перекрёсток,Чипсы картофельные обычные,ЧСК обычные,Москарт ООО,Golden Life,GOLD.LIFE Карт.СО ВК.СУПА ТОМ ЯМ хр.90г,Golden Life Том Ям 90г,90,Том Ям,15846,1745817.8999999994,1.4261399999999984,934568.7119999997
57,2024-09-01,Перекрёсток,Чипсы картофельные обычные,ЧСК обычные,Москарт ООО,Golden Life,GOLD.LIFE Карт.хр.вкус.арген.ст.трюф.90г,Golden Life Аргентийский стейк с трюфелем 90г,90,Трюфель и стейк,20985,2342628.720000001,1.8886499999999993,1233035.9759999996
58,2024-09-01,Перекрёсток,Чипсы картофельные обычные,ЧСК обычные,Москарт ООО,Golden Life,GOLD.LIFE Картоф.СО ВК.КАМ.РОЗМ.хрус.90г,Golden Life Камамбер с розмарином 90г,90,Сыр и розмарин,16006,1759840.3899999957,1.4405399999999997,929792.9399999997
59,2024-09-01,Перекрёсток,Чипсы картофельные обычные,ЧСК обычные,Москарт ООО,Golden Life,GOLD.LIFE Картофель хр.Со вк.см.перц.90г,Golden Life Сметана с перцем 90г,90,Сметана и перец,54,5600.79,0.00486,2748.696
60,2024-09-01,Перекрёсток,Чипсы картофельные обычные,ЧСК обычные,Москарт ООО,Московский картофель,МОСК.КАРТ.СО ВКУС.СЛАД.ЧИЛИ хрустящ.120г,Московский картофель Соус сладкий чили 120г,120,Соус чили,40,3756.28,0.0048000000000000004,2137.44
61,2024-09-01,Перекрёсток,Чипсы картофельные обычные,ЧСК обычные,Москарт ООО,Московский картофель,МОСК.КАРТ.СО ВКУС.ЧЕРН.БАРАБУЛ.хрус.120г,Московский картофель Черноморская барабулька 130г,120,Барабулька,39,4349.370000000001,0.004680000000000001,2084.832
62,2024-09-01,Перекрёсток,Чипсы картофельные обычные,ЧСК обычные,Фрито Лэй,Lays,LAYS Чипсы вкус.мол.зел.лука нат.кар.70г,Lays Молодой зеленый лук 70г,70,Лук,42495,3828589.4700000035,2.974650000000004,2210809.1519999993
63,2024-09-01,Перекрёсток,Чипсы картофельные обычные,ЧСК обычные,Фрито Лэй,Lays,LAYS Чипсы вкус.смет/зелени нат.карт.70г,Lays Сметана и зелень 70г,70,Сметана и зелень,61921,5811614.349999992,4.334470000000006,3216735.0959999976
64,2024-09-01,Перекрёсток,Чипсы картофельные обычные,ЧСК обычные,Фрито Лэй,Lays,LAYS Чипсы вкус.смет/лука натур.карт.70г,Lays Сметана и лук 70г,70,Сметана и лук,67772,6214054.970000004,4.744040000000011,3519721.6679999945
65,2024-09-01,Перекрёсток,Чипсы картофельные обычные,ЧСК обычные,Фрито Лэй,Lays,LAY'S Чипсы из нат.карт.вк.Диж.горч.125г,Lays Дижонская горчица 125г,125,Горчица,7192,1047748.189999999,0.8989999999999966,676242.336
66,2024-09-01,Перекрёсток,Чипсы картофельные обычные,ЧСК обычные,Фрито Лэй,Lays,LAYS Чипсы из нат.карт.вкус.бекона 95г,Lays Бекон 95г,95,Бекон,2,212.56,0.00019,159.96
67,2024-09-01,Перекрёсток,Чипсы картофельные обычные,ЧСК обычные,Фрито Лэй,Lays,LAYS Чипсы из нат.карт.со вкус.краба 37г,Lays Краб 37г,37,Краб,11667,745201.3800000002,0.43167900000000087,392643.696
68,2024-09-01,Перекрёсток,Чипсы картофельные обычные,ЧСК обычные,Фрито Лэй,Lays,LAYS Чипсы из нат.картофеля с солью 140г,Lays Соль 140г,140,Соль,68250,10723288.899999995,9.555000000000016,6344177.339999997
69,2024-09-01,Перекрёсток,Чипсы картофельные обычные,ЧСК обычные,Фрито Лэй,Lays,LAYS Чипсы из нат.картофеля с солью 70г,Lays Соль 70г,70,Соль,38965,3685895.6600000053,2.7275500000000035,2023409.5560000022
70,2024-09-01,Перекрёсток,Чипсы картофельные обычные,ЧСК обычные,Фрито Лэй,Lays,LAYS Чипсы карт.вкус.ребрышки гриль 140г,Lays Ребрышки гриль 140г,140,Ребрышки гриль,36923,5824700.769999999,5.169220000000001,3438028.452000002
71,2024-09-01,Перекрёсток,Чипсы прессованные,Приссованные рифленые,"""МАТЯШ""ООО",Лайк овал,LAYS Чипсы карт.вкус.Смет/аром.травы 85г,Лейз из печи Сметана и травы 85г,85,Сметана и травы,4527,544907.35,0.3847950000000011,283023.0960000004
72,2024-09-01,Перекрёсток,Чипсы картофельные обычные,ЧСК обычные,Фрито Лэй,Lays,LAYS Чипсы карт.со вк.молод.зел.лука 90г,Lays Молодой зеленый лук 90г,90,Лук,20,1393.31,0.0018,763.26
73,2024-09-01,Перекрёсток,Чипсы картофельные обычные,ЧСК обычные,Фрито Лэй,Lays,LAYS Чипсы нат.кар.вк.Гуакам.по-мек.125г,Lays Гуакамоле по-мексикански 125г,125,Гуакамоле,2711,535944.4999999991,0.3388749999999983,250499.96399999992
74,2024-09-01,Перекрёсток,Чипсы картофельные обычные,ЧСК обычные,Фрито Лэй,Lays,LAYS Чипсы нат.кар.вкус.мол.зел.лука 37г,Lays Молодой зеленый лук 37г,37,Лук,12540,793479.1600000003,0.4639800000000011,422147.9280000001
75,2024-09-01,Перекрёсток,Чипсы картофельные обычные,ЧСК обычные,Фрито Лэй,Lays,LAYS Чипсы нат.карт.вк.Мал.огур.укр.140г,Lays Малосольные огурчики с укропом 140г,140,Огурцы малосольные и укроп,68924,11344601.029999988,9.649359999999986,6449083.500000006
76,2024-09-01,Перекрёсток,Чипсы картофельные обычные,ЧСК обычные,Фрито Лэй,Lays,LAYS Чипсы нат.карт.вк.мол.зел.лука 140г,Lays Молодой зеленый лук 140г,140,Лук,53044,8326966.350000005,7.426160000000004,4941094.211999993
77,2024-09-01,Перекрёсток,Чипсы картофельные обычные,ЧСК обычные,Фрито Лэй,Lays,LAYS Чипсы нат.карт.вк.Неж.моц.песто 70г,Lays Нежная моцарелла с песто 70г,70,Сыр и песто,46665,4304316.140000007,3.266549999999998,2439780.4440000006
78,2024-09-01,Перекрёсток,Чипсы картофельные обычные,ЧСК обычные,Фрито Лэй,Lays,LAYS Чипсы нат.карт.вк.Сыр.асс.с мед.90г,Lays Сырное ассорти с медом 90г,90,Сыр и мед,3850,545503.3799999995,0.34650000000000053,231457.50000000012
79,2024-09-01,Перекрёсток,Чипсы картофельные обычные,ЧСК обычные,Фрито Лэй,Lays,LAYS Чипсы нат.карт.вкус.смет/зел.140г,Lays Сметана и зелень 140г,140,Сметана и зелень,42165,6620617.349999997,5.903100000000016,3923841.923999995
80,2024-09-01,Перекрёсток,Чипсы картофельные обычные,ЧСК обычные,Фрито Лэй,Lays,LAYS Чипсы нат.карт.вкус.смет/зелени 37г,Lays Сметана и зелень 37г,37,Сметана и зелень,12277,779638.6399999999,0.4542490000000012,413583.6359999998
81,2024-09-01,Перекрёсток,Чипсы картофельные обычные,ЧСК обычные,Фрито Лэй,Lays,LAYS Чипсы нат.карт.вкус.смет/лука 140г,Lays Сметана и лук 140г,140,Сметана и лук,75246,11636369.9,10.534440000000028,7003895.711999998
82,2024-09-01,Перекрёсток,Чипсы картофельные обычные,ЧСК обычные,Фрито Лэй,Lays,LAYS Чипсы нат.карт.со вкусом бекона 70г,Lays Бекон 70г,70,Бекон,32,2053.6699999999996,0.0022400000000000002,1651.7279999999998
83,2024-09-01,Перекрёсток,Чипсы картофельные обычные,ЧСК обычные,Фрито Лэй,Lays,LAYS Чипсы нат.карт.со вкусом краба 140г,Lays Краб 140г,140,Краб,54688,8516498.010000002,7.656320000000007,5093605.008000002
84,2024-09-01,Перекрёсток,Чипсы картофельные обычные,ЧСК обычные,Фрито Лэй,Lays,LAYS Чипсы нат.карт.со вкусом сыра 140г,Lays Сыр 140г,140,Сыр,59684,9385052.399999999,8.355760000000004,5557606.823999995
85,2024-09-01,Перекрёсток,Чипсы картофельные обычные,ЧСК обычные,Фрито Лэй,Lays,LAYS Чипсы нат.карт.со вкусом сыра 70г,Lays Сыр 70г,70,Сыр,51975,4798630.410000008,3.6382500000000007,2701629.576000001
86,2024-09-01,Перекрёсток,Чипсы картофельные обычные,ЧСК обычные,Фрито Лэй,Lays,LAY'S Чипсы натур.картоф.вкус.краба 225г,Lays Краб 225г,225,Краб,28795,6521992.880000008,6.478875000000003,4003879.055999998
87,2024-09-01,Перекрёсток,Чипсы картофельные обычные,ЧСК обычные,Фрито Лэй,Lays,LAYS Чипсы С СОЛЬЮ 225г,Lays Соль 225г,225,Соль,7381,2025628.5799999966,1.660724999999998,1026343.4279999995
88,2024-09-01,Перекрёсток,Чипсы картофельные обычные,ЧСК обычные,Фрито Лэй,Lays,LAYS Чипсы СМЕТАНА И ЗЕЛЕНЬ 225г,Lays Сметана и зелень 225г,225,Сметана и зелень,26371,6184743.560000001,5.933475000000011,3648639.359999998
89,2024-09-01,Перекрёсток,Чипсы картофельные обычные,ЧСК обычные,Фрито Лэй,Lays,LAYS Чипсы СМЕТАНА И ЛУК 225г,Lays Сметана и лук 225г,225,Сметана и лук,52968,12421229.750000011,11.917800000000009,7321918.296
90,2024-09-01,Перекрёсток,Чипсы картофельные обычные,ЧСК обычные,Фрито Лэй,Lays,LAYS Чипсы со вкусом краба нат.карт.70г,Lays Краб 70г,70,Краб,52255,4702181.35,3.657850000000001,2719692.780000004
91,2024-09-01,Перекрёсток,Чипсы картофельные обычные,ЧСК обычные,"ООО ""СЕРВИСНАЯ КОМПАНИЯ ""МОЛОЧНЫЙ МИР""",Snackgold,SNACKG.Чипсы вк.ол.мас/гим.роз.сол.125г,Snackgold Оливк. масло и роз. Гималайская соль 125г,125,Соль и оливки,987,382407.05999999965,0.1233750000000001,257758.1399999996
92,2024-09-01,Перекрёсток,Чипсы картофельные обычные,ЧСК обычные,"ООО ""СЕРВИСНАЯ КОМПАНИЯ ""МОЛОЧНЫЙ МИР""",Snackgold,SNACKG.Чипсы карт.вкус.чер.трюфеля 125г,Snackgold Черный трюфель 125г,125,Трюфель,2075,804873.7399999985,0.2593749999999986,511895.11199999956
93,2024-09-01,Перекрёсток,Чипсы картофельные обычные,ЧСК обычные,"ООО ""СЕРВИСНАЯ КОМПАНИЯ ""МОЛОЧНЫЙ МИР""",Snackgold,SNACKG.Чипсы нат.карт.вк.сыра Ибер.125г,Snackgold Сыыр иберико 125г,125,Сыр,913,349057.11999999994,0.11412500000000009,230099.25599999994
94,2024-09-01,Перекрёсток,Чипсы картофельные обычные,ЧСК обычные,Стамба ООО,Bruto Black,BRUTO Чипсы В.ЕD.нат.кар.ч.пер/вк.кр.75г,Bruto Black Черный перец 75г,75,Перец черный,614,68775.24000000003,0.04605000000000002,28580.376
95,2024-09-01,Перекрёсток,Чипсы картофельные обычные,ЧСК обычные,Стамба ООО,Bruto Black,BRUTO Чипсы В.ЕD.нат.карт.вк.c.Тайск.75г,Bruto Black Тайский острый Том Ям 75г,75,Соус тайский,526,58077.75000000002,0.039449999999999964,24508.308
96,2024-09-01,Перекрёсток,Чипсы картофельные обычные,ЧСК обычные,Стамба ООО,Bruto Gourmet Line,BRUTO Чипсы G.L.из нат.карт.вк.ол/ор.80г,BRUTO Gourmet Line Оливки и орегано 80г,80,Оливки и орегано,671,88027.8800000001,0.05367999999999991,38419.403999999995
97,2024-09-01,Перекрёсток,Чипсы картофельные обычные,ЧСК обычные,Стамба ООО,Bruto Gourmet Line,BRUTO Чипсы G.L.нат.кар.вк/ар.к.соли 80г,BRUTO Gourmet Line Копчёная соль 80г,80,Соль копченая,777,103501.25000000017,0.062159999999999827,44386.512
98,2024-09-01,Перекрёсток,Чипсы картофельные обычные,ЧСК обычные,Стамба ООО,Bruto Gourmet Line,BRUTO Чипсы G.L.нат.карт.м.с.ч/з.пер.80г,BRUTO Gourmet Line Зеленый перец 80г,80,Перец зеленый,394,51728.170000000035,0.03152000000000005,22618.98
99,2024-09-01,Перекрёсток,Чипсы картофельные обычные,ЧСК обычные,Стамба ООО,Bruto NPC,BRUTO Чипсы из нат.карт.вк.см/лука 120г,BRUTO NPC Сметана и лук 120г,120,Сметана и лук,16182,1630242.6099999985,1.9418399999999996,923848.9919999988
100,2024-09-01,Перекрёсток,Чипсы картофельные обычные,ЧСК обычные,Стамба ООО,Bruto NPC,BRUTO Чипсы из нат.карт.вк.см/лука 130г,BRUTO NPC Сметана и лук 120г,130,Сметана и лук,2,217.48,0.00026,145.524
101,2024-09-01,Перекрёсток,Чипсы картофельные обычные,ЧСК обычные,Стамба ООО,Bruto NPC,BRUTO Чипсы из нат.карт.вк.смет/зел.120г,BRUTO NPC Сметана и зелень 120г,120,Сметана и зелень,9816,972096.3300000005,1.1779200000000005,563760.7560000002
102,2024-09-01,Перекрёсток,Чипсы картофельные обычные,ЧСК обычные,Стамба ООО,Bruto NPC,BRUTO Чипсы из нат.карт.вкус.папр.120г,BRUTO NPC Паприка 120г,120,Паприка,28503,2890591.480000002,3.4203600000000005,1619683.6559999997
103,2024-09-01,Перекрёсток,Чипсы картофельные обычные,ЧСК обычные,Стамба ООО,Bruto NPC,BRUTO Чипсы из нат.карт.со вк.краба 120г,BRUTO NPC Краб 120г,120,Краб,14598,1461926.699999999,1.7517600000000006,838212.0000000007
104,2024-09-01,Перекрёсток,Чипсы картофельные обычные,ЧСК обычные,Стамба ООО,BRUTO КРАФТ,BRUTO Чипсы из нат.карт.вк.Чесн/тр.120г,Bruto КРАФТ Чеснок и травы 120г,120,Чеснок и травы,4025,667961.9000000003,0.483,308466.20399999985
105,2024-09-01,Перекрёсток,Чипсы картофельные обычные,ЧСК обычные,Стамба ООО,BRUTO КРАФТ,BRUTO Чипсы из нат.карт.с мор.солью 120г,Bruto КРАФТ Морская соль 120г,120,Соль,16388,2361005.1299999985,1.9665600000000003,1014020.7120000002
106,2024-09-01,Перекрёсток,Чипсы картофельные обычные,ЧСК обычные,Стамба ООО,BRUTO КРАФТ,BRUTO Чипсы из нат.карт.с томат/укр.120г,Bruto КРАФТ Томат и укроп 120г,120,Томат и укроп,3362,550333.6900000004,0.4034399999999999,256002.576
107,2024-09-01,Перекрёсток,Чипсы картофельные обычные,ЧСК обычные,Стамба ООО,BRUTO КРАФТ,BRUTO Чипсы нат.карт.мор.с/чер.пер.120г,Bruto КРАФТ Морская соль и перец 120г,120,Соль и перец черный,11823,1693861.3099999987,1.4187600000000014,734510.5560000001
108,2024-09-01,Перекрёсток,Чипсы картофельные обычные,ЧСК обычные,"ООО ""ТРЕЙДБЕРРИ""",ВКУСЫ МИРА,ВКУСЫ МИРА Чипсы карт.вк.Зап.том.зел.75г,ВКУСЫ МИРА Запеченные томаты с зеленью 75г,75,Томат и зелень,278,34902.320000000014,0.020850000000000014,17056.968
109,2024-09-01,Перекрёсток,Чипсы картофельные обычные,ЧСК обычные,"ООО ""ТРЕЙДБЕРРИ""",ВКУСЫ МИРА,ВКУСЫ МИРА Чипсы карт.вк.См-л.с.зел.75г,ВКУСЫ МИРА Сметана и лук 75г,75,Сметана и лук,533,63460.22000000004,0.03997499999999998,32733.419999999966
110,2024-09-01,Перекрёсток,Чипсы картофельные обычные,ЧСК обычные,"ООО ""ФЛЕКС ФУДЗ""",Flat Food,FL.FOOD Чипсы картоф.с сол/чер.перц.100г,Flat Food Соль и черный перец 100г,100,Соль и перец черный,8719,727848.9499999998,0.8718999999999978,417091.59600000014
111,2024-09-01,Перекрёсток,Чипсы картофельные обычные,ЧСК обычные,"ООО ""ФЛЕКС ФУДЗ""",Flat Food,FL.FOOD Чипсы картоф.с солью 100г,Flat Food Соль 100г,100,Соль,12381,1031405.5399999977,1.2380999999999944,590661.8880000011
112,2024-09-01,Перекрёсток,Чипсы картофельные обычные,ЧСК обычные,Клин Снек,Пакет картошки,ГАН/ЛЕБ.Чипсы картофельные с солью 100г,Пакет картошки Соль 100г,100,Соль,5883,707826.6399999986,0.5882999999999992,347991.4679999998
113,2024-09-01,Перекрёсток,Чипсы картофельные обычные,ЧСК обычные,Клин Снек,Пакет картошки,ГАН/ЛЕБ.Чипсы картофельные с томат.100г,Пакет картошки Томат 100г,100,Томат,4085,526559.2699999991,0.40849999999999975,272395.94400000037
114,2024-09-01,Перекрёсток,Чипсы картофельные обычные,ЧСК обычные,Клин Снек,Пакет картошки,ПАК.КАРТ.Чипсы карт.со вкус.Коп.лос.100г,Пакет картошки Копченая лосось 100г,100,Лосось,1197,156602.29000000012,0.11970000000000039,77178.27599999995
115,2024-09-01,Перекрёсток,Чипсы картофельные обычные,ЧСК обычные,"ООО ""ЭВЕРЕСТ""",REEEL,REEEL Чипсы карт.с розов.гим.солью 45г,REEEL розовая гималайская соль 45г,45,Соль,5495,340760.6300000002,0.24727500000000052,197471.1359999993
116,2024-09-01,Перекрёсток,Чипсы картофельные обычные,ЧСК обычные,"ООО ""ЭВЕРЕСТ""",REEEL,REEEL Чипсы карт.со вк.Сыр Пармезан 45г,REEEL Сыр пармезан 45г,45,Сыр,8140,504508.0699999999,0.3663000000000007,292789.77599999984
117,2024-09-01,Перекрёсток,Чипсы картофельные обычные,ЧСК обычные,"ООО ""ЭВЕРЕСТ""",REEEL,REEEL Чипсы карт.со вкус.Смет/зелень 45г,REEEL Сетана и зелен 45г,45,Сметана и зелень,8087,493789.70999999996,0.36391500000000016,291031.4759999996
118,2024-09-01,Перекрёсток,Чипсы картофельные обычные,ЧСК обычные,"ООО ""ЭВЕРЕСТ""",REEEL,REEEL Чипсы карт.со вкусом Карпаччо 45г,REEEL Карпаччо 45г,45,Карпаччо,8217,506523.9599999995,0.36976499999999995,295860.3839999996
119,2024-09-01,Перекрёсток,Чипсы картофельные обычные,ЧСК обычные,Собственный импорт ЗАО ТД Перекресток,EL VALLE,EL VALLE Чипсы карт.со вк.Тикка Мас.125г,EL VALLE Тикка масала 125г,125,Тикка масала,1597,353081.6199999999,0.19962499999999944,222589.27199999985
120,2024-09-01,Перекрёсток,Чипсы картофельные обычные,ЧСК обычные,Собственный импорт ЗАО ТД Перекресток,EL VALLE,EL VALLE Чипсы карт.со вк.том.со сп.125г,EL VALLE Томат и специи 125г,125,Томат и специи,1831,409005.60999999987,0.2288749999999993,255109.1159999995
121,2024-09-01,Перекрёсток,Чипсы картофельные обычные,ЧСК обычные,Собственный импорт ЗАО ТД Перекресток,EL VALLE,EL VALLE Чипсы карт.со вк.чили&лайм 125г,EL VALLE Чили и лайм 125г,125,Чили и лайм,1931,433281.7299999998,0.24137499999999937,269176.7759999998
122,2024-09-01,Перекрёсток,Чипсы картофельные обычные,ЧСК обычные,Собственный импорт ЗАО ТД Перекресток,EL VALLE,EL VALLE Чипсы картоф.со вк.хам.иб.100г,EL VALLE Хамон 100г,100,Хамон,1393,307328.3800000001,0.13930000000000015,193688.62799999982
123,2024-09-01,Перекрёсток,Чипсы картофельные обычные,ЧСК обычные,Собственный импорт ЗАО ТД Перекресток,EL VALLE,EL VALLE Чипсы картоф.со вк.черн.тр.100г,EL VALLE Трюфель 100г,100,Трюфель,2560,572871.9500000001,0.256,356882.1720000001
124,2024-09-01,Перекрёсток,Чипсы картофельные обычные,ЧСК обычные,Собственный импорт ЗАО ТД Перекресток,EL VALLE,EL VALLE Чипсы картофел.вк.сыра Q.C.100г,EL VALLE Сыр 100г,100,Сыр,1539,342786.14999999973,0.1539000000000001,214494.90000000005
125,2024-09-01,Перекрёсток,Чипсы картофельные обычные,ЧСК рифленые,Бумажная бумага,EASY PEASY,EASY PEASY Картоф.СО ВК.СЫРА хр.риф.50г,EASY PEASY Сыр 100г,100,Сыр,2,162.98,0.0002,77.34
126,2024-09-01,Перекрёсток,Чипсы картофельные обычные,ЧСК рифленые,Бумажная бумага,EASY PEASY,EASY PEASY Картофель риф.вк.бр.майон.50г,EASY PEASY Майонез 50г,50,Майонез,1,58.0,5e-05,37.332
127,2024-09-01,Перекрёсток,Чипсы картофельные обычные,ЧСК рифленые,Бумажная бумага,EASY PEASY,EASY PEASY Картофель риф.вк.кетчупа 50г,EASY PEASY Кетчуп 50г,50,Кетчуп,1,109.97,5e-05,54.804
128,2024-09-01,Перекрёсток,Чипсы картофельные обычные,ЧСК рифленые,"ООО ""ГК У АВГУСТА""",Amica Chips,AM.CH.Чипсы GRIGL.карт.риф.пон.с.ж.130г,Amica Chips GRIGLIATA Оригинальные 130г,130,Оригинальные,638,319397.9599999996,0.08294000000000015,165239.4480000001
129,2024-09-01,Перекрёсток,Чипсы картофельные обычные,ЧСК рифленые,Лоренц,Crunchips X-Cut,CRUN.Чипсы X-CUT кар.риф.вк.афр.Чак.70г,Crunchips X-Cut риф. Африканская чакалака 70г,70,Чакалака,15819,1443435.8600000006,1.1073300000000001,756832.8720000001
130,2024-09-01,Перекрёсток,Чипсы картофельные обычные,ЧСК рифленые,Лоренц,Crunchips X-Cut,CRUN.Чипсы X-CUT кар.риф.вк.паприки 70г,Crunchips X-Cut риф. Паприка 70г,70,Паприка,9604,878383.4299999998,0.67228,458148.16799999966
131,2024-09-01,Перекрёсток,Чипсы картофельные обычные,ЧСК рифленые,Лоренц,Crunchips X-Cut,CRUN.Чипсы X-CUT кар.риф.вк.смет/спец70г,Crunchips X-Cut риф. Сметана и специи 70г,70,Сметана и специи,14416,1288458.0199999996,1.0091200000000005,686422.6079999999
132,2024-09-01,Перекрёсток,Чипсы картофельные обычные,ЧСК рифленые,Лоренц,Crunchips X-Cut,CRUN.Чипсы X-CUT кар.риф.вк.сыра/лука70г,Crunchips X-Cut риф. Сыр и лук 70г,70,Сыр и лук,6624,598421.4600000004,0.46368,315232.296
133,2024-09-01,Перекрёсток,Чипсы картофельные обычные,ЧСК рифленые,Москарт ООО,Московский картофель,МОСК.КАРТ.Карт.вк.атл.лос.сл.соусе 150г,Московский картофель риф. Антлантический лосось в слив. соусе 150г,150,Лосось и соус сливочный,2563,385465.0999999989,0.3844499999999996,215125.76400000055
134,2024-09-01,Перекрёсток,Чипсы картофельные обычные,ЧСК рифленые,Москарт ООО,Московский картофель,МОСК.КАРТ.Картофель хр.вк.мар.огур.130г,Московский картофель риф. Маринованные огурцы 130г,130,Огурцы маринованные,11,1742.29,0.0014299999999999998,661.452
135,2024-09-01,Перекрёсток,Чипсы картофельные обычные,ЧСК рифленые,Москарт ООО,Московский картофель,МОСК.КАРТ.Картофель хр.вк.смет/зел.150г,Московский картофель риф. Сметана и зелень 150г,150,Сметана и зелень,6207,907541.6199999971,0.9310499999999953,524169.99599999876
136,2024-09-01,Перекрёсток,Чипсы картофельные обычные,ЧСК рифленые,Москарт ООО,Московский картофель,МОСК.КАРТ.Картофель хр.вк.сыра Парм.150г,Московский картофель риф Сыр пармезан 150г,150,Сыр,8481,1289254.2999999975,1.2721499999999997,716821.9079999981
137,2024-09-01,Перекрёсток,Чипсы картофельные обычные,ЧСК рифленые,Фрито Лэй,Lays,LAYS Чипсы карт.риф.вкус.лобстера 140г,Lays риф. Лобстер 140г,140,Лобстер,28862,4531003.6199999945,4.040679999999997,2690767.2840000023
138,2024-09-01,Перекрёсток,Чипсы картофельные обычные,ЧСК рифленые,Фрито Лэй,Lays,LAYS Чипсы карт.риф.вкус.лос.слив.с.140г,Lays риф. Лосось в слив. соусе 140г,140,Лосось и соус сливочный,78333,12364175.900000008,10.966619999999994,7294880.160000005
139,2024-09-01,Перекрёсток,Чипсы картофельные обычные,ЧСК рифленые,Фрито Лэй,Lays,LAYS Чипсы карт.риф.вкус.паприка 140г,Lays риф. Паприка 140г,140,Паприка,45700,7157270.970000006,6.398,4253404.152000003
140,2024-09-01,Перекрёсток,Чипсы картофельные обычные,ЧСК рифленые,Фрито Лэй,Lays,LAYS Чипсы нат.кар.риф.вк.Т.ям по-т.125г,Lays риф. Том Ям по тайски 125г,125,Том Ям,2823,568753.0799999993,0.35287499999999805,261431.6280000002
141,2024-09-01,Перекрёсток,Чипсы картофельные обычные,ЧСК рифленые,Фрито Лэй,Lays,LAYS Чипсы нат.карт.риф.вк.лобстера 70г,Lays риф. Лобстер 70г,70,Лобстер,22182,2114271.599999999,1.5527399999999982,1152569.0280000004
142,2024-09-01,Перекрёсток,Чипсы картофельные обычные,ЧСК рифленые,Фрито Лэй,Lays,LAYS Чипсы нат.карт.риф.вк.Паприка 225г,Lays риф. Паприка 225г,225,Паприка,27006,6345140.120000005,6.076350000000001,3735550.788
143,2024-09-01,Перекрёсток,Чипсы картофельные обычные,ЧСК рифленые,Фрито Лэй,Lays,LAYS Чипсы нат.карт.риф.вк.Прян.крев.90г,Lays риф. Пряная креветка 90г,90,Креветки,1112,159204.50999999992,0.10008000000000021,67152.76800000004
144,2024-09-01,Перекрёсток,Чипсы картофельные обычные,ЧСК рифленые,Фрито Лэй,Lays,LAYS Чипсы риф.вкус.Паприка нат.карт.70г,Lays риф. Паприка 70г,70,Паприка,23419,2215222.74,1.6393300000000015,1217321.2920000001
145,2024-09-01,Перекрёсток,Чипсы картофельные обычные,ЧСК рифленые,Фрито Лэй,Lays МАХХ,LAYS Чипсы MAXX нат.кар.вк.гр.сл.с.110г,Lays МАХХ Куриные крылышки барбекю 110г,110,Курица,16872,2564011.489999999,1.8559200000000025,1191124.1760000004
146,2024-09-01,Перекрёсток,Чипсы картофельные обычные,ЧСК рифленые,Фрито Лэй,Lays МАХХ,LAYS Чипсы MAXX нат.кар.вк.кур.кр.б.110г,Lays МАХХ Куриные крылышки барбекю 110г,110,Курица,21291,3258097.69,2.342010000000001,1504578.5760000008
147,2024-09-01,Перекрёсток,Чипсы картофельные обычные,ЧСК рифленые,Фрито Лэй,Lays МАХХ,LAYS Чипсы MAXX нат.карт.вк.пиц.4 с.110г,Lays МАХХ Пицца 4 сыра 110г,110,Пицца,18702,2836633.7300000004,2.0572200000000014,1320467.5560000003
148,2024-09-01,Перекрёсток,Чипсы картофельные обычные,ЧСК соломка,Белпродукт ООО,Бульба,БУЛЬБА Сол.STIC.вк.кетчупа карт.обж.75г,Бульба Кетчуп 75г,75,Кетчуп,9,1214.92,0.000675,306.888
149,2024-09-01,Перекрёсток,Чипсы картофельные обычные,ЧСК соломка,Белпродукт ООО,Бульба,БУЛЬБА Сол.STIC.вк.см/лука карт.обж.75г,Бульба Кетчуп 75г,75,Сметана и лук,28,3149.8899999999994,0.0021,954.804
150,2024-09-01,Перекрёсток,Чипсы картофельные обычные,ЧСК соломка,Лоренц,Pomsticks,POMST.Чипсы карт.сол.вкус.смет/спец.200г,Pomsticks Сметана и специи 200г,200,Сметана и специи,11148,2071416.3299999975,2.2295999999999974,1113431.0159999996
151,2024-09-01,Перекрёсток,Чипсы картофельные обычные,ЧСК соломка,Лоренц,Pomsticks,POMST.Чипсы карт.сол.с мор.сол/перц.100г,Pomsticks Морская соль и перец 100г,100,Соль и перец черный,864,114345.26000000013,0.08640000000000009,42309.87600000004
152,2024-09-01,Перекрёсток,Чипсы картофельные обычные,ЧСК соломка,Лоренц,Pomsticks,POMST.Чипсы карт.соломкой с солью 200г,Pomsticks Соль 200г,200,Соль,7953,1462396.9499999995,1.5905999999999987,797128.7040000005
153,2024-09-01,Перекрёсток,Чипсы картофельные обычные,ЧСК соломка,Лоренц,Pomsticks,POMST.Чипсы картоф.сол.вк.сыра/лука 100г,Pomsticks Сыр и лук 100г,100,Сыр и лук,17456,1654461.3999999983,1.7455999999999965,952709.2560000012
154,2024-09-01,Перекрёсток,Чипсы картофельные обычные,ЧСК соломка,Лоренц,Pomsticks,Чипсы POMST.карт.солом. с паприкой 100г,Pomsticks Паприка 100г,100,Паприка,23971,2229228.7500000005,2.397099999999999,1285634.4479999987
155,2024-09-01,Перекрёсток,Чипсы картофельные обычные,ЧСК соломка,Лоренц,Pomsticks,Чипсы POMST.карт.солом. с солью 100г,Pomsticks Соль 100г,100,Соль,39886,3709670.709999999,3.9886,2143474.1279999986
156,2024-09-01,Перекрёсток,Чипсы картофельные обычные,ЧСК соломка,Лоренц,Pomsticks,Чипсы POMST.карт.солом.смет/спец 100г,Pomsticks Сметана и специи 100г,100,Сметана и специи,25065,2363475.0100000007,2.5065000000000013,1344444.0839999989
157,2024-09-01,Перекрёсток,Чипсы кукурузные,Кукурузная соломка,Фрито Лэй,CHEETOS,CHEETOS Кукур.палочки КЕТЧУП 85г,CHEETOS Кетчуп 85г,85,Кетчуп,22177,2164833.159999998,1.8850449999999943,1241790.6710000022
158,2024-09-01,Перекрёсток,Чипсы кукурузные,Кукурузная соломка,Фрито Лэй,CHEETOS,CHEETOS Палочки кук.вкус.Кетчуп 50г,CHEETOS Кетчуп 50г,50,Кетчуп,49243,2841822.0399999996,2.4621500000000007,1712425.3960000002
159,2024-09-01,Перекрёсток,Чипсы кукурузные,Кукурузная соломка,Юникорн ООО,HOLYCORN,HOLYCORN Снеки кук.Суп.том.вл.кетч.30г,HOLYCORN кук. Кетчуп 50г,30,Кетчуп,11632,840741.9199999977,0.34896000000000005,457522.64799999824
160,2024-09-01,Перекрёсток,Чипсы кукурузные,Кукурузная соломка,Юникорн ООО,HOLYCORN,HOLYCORN Снеки СЫРН.СЫР кук.вл.соуса 30г,HOLYCORN кук. Сыр 50г,30,Сыр,11190,801075.0099999981,0.3357000000000008,439100.3979999978
161,2024-09-01,Перекрёсток,Чипсы кукурузные,Кукурузные в пачке-чаше,Горячие крендели Север ООО,SALTO,SALTO Чипсы N.БАР.кук.220г+соус100г+салф,SALTO кук. Барбекю  220г+соус100г+салф,220,Барбекю,8903,2437771.2699999963,1.9586600000000096,1620337.4440000022
162,2024-09-01,Перекрёсток,Чипсы кукурузные,Кукурузные в пачке-чаше,Горячие крендели Север ООО,SALTO,SALTO Чипсы N.КЛ.кук.220г+соус100г+салф.,SALTO кук. Оригинальные 220г+соус100г+салф.,220,Оригинальные,6485,1775495.1699999904,1.4267000000000047,1162076.5970000022
163,2024-09-01,Перекрёсток,Чипсы кукурузные,Кукурузные в пачке-чаше,Горячие крендели Север ООО,SALTO,SALTO Чипсы кук.вк.с.н.75г+соус60г+салф.,SALTO кук. Сыр начос 75г+соус60г+салф,75,Сыр,1383,204710.38,0.10372499999999998,97034.31099999997
164,2024-09-01,Перекрёсток,Чипсы кукурузные,Кукурузные в пачке-чаше,Горячие крендели Север ООО,SALTO,SALTO Чипсы кук.вк.том.75г+соус60г+салф.,SALTO кук. Томат 75г+соус60г+салф,75,Томат,988,146552.42000000013,0.0741,67962.24600000001
165,2024-09-01,Перекрёсток,Чипсы кукурузные,Кукурузные начос,Мишн Фудс Ступино ООО,Delicados,DELICAD.Чипсы NACH.с кус.ол/пап.кук.150г,Delicados кук. С кусочками оливок и паприкой 150г,150,Паприка и оливки,41547,4569277.730000003,6.232050000000008,1962040.1569999994
166,2024-09-01,Перекрёсток,Чипсы кукурузные,Кукурузные начос,Мишн Фудс Ступино ООО,Delicados,DELICAD.Чипсы кукур.вкус.соуса Ранч 150г,Delicados кук. Соус ранч 150г,150,Соус Ранч,34712,3819143.2099999986,5.206800000000002,1688405.664000001
167,2024-09-01,Перекрёсток,Чипсы кукурузные,Кукурузные начос,Мишн Фудс Ступино ООО,Delicados,DELICAD.Чипсы НАЧ.кук.со вк.Лобс.150г,Delicados кук. С кусочками оливок и лобстером 150г,150,Лобстер и оливки,268,31703.21000000001,0.040200000000000014,13297.746000000001
168,2024-09-01,Перекрёсток,Чипсы кукурузные,Кукурузные начос,Мишн Фудс Ступино ООО,Delicados,DELICAD.Чипсы НАЧ.кук.со вк.Пик.сал.150г,Delicados кук. Пикантная сальса-чили 150г,150,Соус сальса,215,25220.54,0.03225000000000002,10628.31
169,2024-09-01,Перекрёсток,Чипсы кукурузные,Кукурузные начос,Мишн Фудс Ступино ООО,Delicados,DELICAD.Чипсы НАЧОС кук.вк.Бург.Воп.140г,Delicados кук. Бургер воппер 140г,140,Бургер Воппер,53845,5023303.6800000025,7.538299999999994,2714920.0539999907
170,2024-09-01,Перекрёсток,Чипсы кукурузные,Кукурузные начос,Мишн Фудс Ступино ООО,Delicados,DELICAD.Чипсы НАЧОС кук.вк.омар ср.100г,Delicados кук. Омар средиземноморский 100г,100,Омар,297,25545.070000000003,0.029700000000000008,11051.590000000002
171,2024-09-01,Перекрёсток,Чипсы кукурузные,Кукурузные начос,Мишн Фудс Ступино ООО,Delicados,DELICAD.Чипсы НАЧОС кук.вк.стейк ар.100г,Delicados кук. Стейк аргентийский 100г,100,Стейк,107,9313.519999999999,0.0107,3997.8399999999997
172,2024-09-01,Перекрёсток,Чипсы кукурузные,Кукурузные начос,Мишн Фудс Ступино ООО,Delicados,DELICAD.Чипсы НАЧОС кукур.ориг.150г,Delicados кук. Оригинальные 150г,150,Оригинальные,24937,2791032.9800000046,3.7405500000000016,1182695.778000001
173,2024-09-01,Перекрёсток,Чипсы кукурузные,Кукурузные начос,Мишн Фудс Ступино ООО,Delicados,DELICAD.Чипсы НАЧОС кукур.с/вк.сыр 150г,Delicados кук. Сыр 150г,150,Сыр,35424,3924756.680000002,5.313600000000012,1770087.550000001
174,2024-09-01,Перекрёсток,Чипсы кукурузные,Кукурузные начос,Мишн Фудс Ступино ООО,Mission,MISSION Чипсы кук.вк.лисички сметан.150г,MISSION кук. Лисички со сметаной 150г,150,Сметана и Грибы Лисички,614,59667.27000000002,0.09209999999999997,23905.144999999986
175,2024-09-01,Перекрёсток,Чипсы кукурузные,Кукурузные начос,Мишн Фудс Ступино ООО,Mission,MISSION Чипсы кукур.вкус.смет/лука 90г,MISSION кук.Сметана и лук 90г,90,Сметана и лук,7864,610924.6399999999,0.707760000000001,268506.007
176,2024-09-01,Перекрёсток,Чипсы кукурузные,Кукурузные начос,Мишн Фудс Ступино ООО,Mission,MISSION Чипсы кукур.со вкус.барбекю 90г,MISSION кук. Барбекю 90г,90,Барбекю,2,131.97,0.00018,58.872
177,2024-09-01,Перекрёсток,Чипсы кукурузные,Кукурузные начос,Мишн Фудс Ступино ООО,Mission,MISSION Чипсы кукур.со вкус.краб кам.90г,MISSION кук. Камчатский краб 90г,90,Краб,3645,240151.8200000002,0.3280500000000011,144339.63499999986
178,2024-09-01,Перекрёсток,Чипсы кукурузные,Кукурузные начос,Мишн Фудс Ступино ООО,Mission,MISSION Чипсы кукур.со вкус.томатов 90г,MISSION кук. Томат 90г,90,Томат,40,3007.3599999999997,0.0035999999999999995,1556.7089999999998
179,2024-09-01,Перекрёсток,Чипсы кукурузные,Кукурузные начос,Мишн Фудс Ступино ООО,Mission,MISSION Чипсы кукурузн.со вк.бекона 150г,MISSION кук. Бекон 150г,150,Бекон,28792,2127634.4599999986,4.3187999999999995,1229215.075000001
180,2024-09-01,Перекрёсток,Чипсы кукурузные,Кукурузные начос,Мишн Фудс Ступино ООО,Mission,MISSION Чипсы кукурузные вк.томатов 150г,MISSION кук. Томат 150г,10,Томат,547,53747.27000000003,0.005469999999999999,21411.246999999985
181,2024-09-01,Перекрёсток,Чипсы кукурузные,Кукурузные начос,Мишн Фудс Ступино ООО,Mission,MISSION Чипсы кукурузные со вк.сыра 150г,MISSION кук. Сыр чеддер 150г,150,Сыр,34998,2553243.8699999973,5.2497000000000025,1490752.801999999
182,2024-09-01,Перекрёсток,Чипсы кукурузные,Кукурузные начос,Снэк Компани ООО,Carambas,CARAMBAS Чипсы БЕКОН кукур.150г,CARAMBAS кук. Бекон 150г,150,Бекон,1272,145219.08000000007,0.19079999999999991,74732.18500000003
183,2024-09-01,Перекрёсток,Чипсы кукурузные,Кукурузные начос,Снэк Компани ООО,Carambas,CARAMBAS Чипсы ОРИГИНАЛ кукур.150г,CARAMBAS кук. Оригинальные 150г,150,Оригинальные,2749,325600.44999999984,0.4123500000000001,161066.49899999995
184,2024-09-01,Перекрёсток,Чипсы кукурузные,Кукурузные начос,Снэк Компани ООО,Carambas,CARAMBAS Чипсы СМЕТАНА ЛУК кукур.150г,CARAMBAS кук. Сметана и лук 150г,150,Сметана и лук,5907,653927.749999999,0.8860499999999981,346823.36699999974
185,2024-09-01,Перекрёсток,Чипсы кукурузные,Кукурузные начос,Снэк Компани ООО,Carambas,CARAMBAS Чипсы СЫР НАЧ.кукур.150г,Carambas кук. Сыр 150г,150,Сыр,7063,779834.2699999987,1.0594499999999984,415003.2479999999
186,2024-09-01,Перекрёсток,Чипсы кукурузные,Кукурузные начос,Энджой Фуд,MacGuffin,MACGUF.Чипсы вк.барб.кукур.сыр.соус.185г,MacGuffin Барбекю с сырным соусом 185г,185,Барбекю и соус сырный,56,15723.869999999999,0.01036,6187.104
187,2024-09-01,Перекрёсток,Чипсы кукурузные,Кукурузные начос,Энджой Фуд,MacGuffin,MACGUF.Чипсы кукур.соус.острый сал.185г,MacGuffin Соус острый сальса 185г,185,Соус острый сальса,200,52033.62,0.037,22096.80000000002
188,2024-09-01,Перекрёсток,Чипсы кукурузные,Кукурузные фигурные,Фрито Лэй,CHEETOS,CHEETOS Кукур.палочки СЫР 85г,CHEETOS кук. Сыр  85г,85,Сыр,34719,3405820.520000003,2.9511149999999953,1944471.9689999989
189,2024-09-01,Перекрёсток,Чипсы кукурузные,Кукурузные фигурные,Фрито Лэй,CHEETOS,CHEETOS Палочки кук.вкус.Сыр 50г,CHEETOS кук. Сыр 50г,50,Сыр,77526,4478578.499999996,3.8762999999999996,2690081.9440000043
190,2024-09-01,Перекрёсток,Чипсы кукурузные,Кукурузные фигурные,Фрито Лэй,CHEETOS,CHEETOS Снеки кук.вкус.Ветчина и сыр 50г,CHEETOS кук. Ветчина и сыр 50г,50,Сыр и ветчина,17781,1031403.3499999988,0.88905,616514.6680000005
191,2024-09-01,Перекрёсток,Чипсы кукурузные,Кукурузные фигурные,Фрито Лэй,CHEETOS,CHEETOS Снеки кукур.со вкусом Краб 50г,CHEETOS кук. Краб 50г,50,Краб,10570,614884.1299999998,0.5284999999999994,366614.29199999984
192,2024-09-01,Перекрёсток,Чипсы кукурузные,Кукурузные фигурные,Фрито Лэй,CHEETOS,CHEETOS Снеки кукуруз.со вкусом Краб 85г,CHEETOS кук. Краб 85г,85,Краб,6789,657003.2299999996,0.5770650000000027,380441.24799999996
193,2024-09-01,Перекрёсток,Чипсы кукурузные,Кукурузные фигурные,"ООО ""РУССКАРТ-СИТИ""",PAPAS,PAPAS Снеки ЧИПСЫ КУК.хр.вк.сл.чили 140г,PAPAS кук. Сладкий чили 140г,140,Чили,4699,487879.38999999926,0.6578599999999974,234382.5219999993
194,2024-09-01,Перекрёсток,Чипсы кукурузные,Кукурузные фигурные,"ООО ""РУССКАРТ-СИТИ""",PAPAS,PAPAS Снеки ЧИПСЫ КУК.хр.вк.сыр чед.140г,PAPAS кук. Сыр чеддер 140г,140,Сыр,4535,463496.96999999887,0.6348999999999974,226092.04199999975
195,2024-09-01,Перекрёсток,Чипсы кукурузные,Кукурузные фигурные,"ООО ""РУССКАРТ-СИТИ""",СырBall,СЫРBALL Шарики кук.со вк.чиз/п.чили 100г,СЫРBALL кук. Чизкейк и перец чили 100г,100,Чизкейк и чили,4509,495733.76999999856,0.4508999999999995,213362.2590000003
196,2024-09-01,Перекрёсток,Чипсы кукурузные,Кукурузные фигурные,"ООО ""РУССКАРТ-СИТИ""",СырBall,СЫРBALL Шарики кукур.со вк.кап/пер.100г,СЫРBALL кук. Капечино с перцем 100г,100,Капучино и перец,3997,435246.409999998,0.3996999999999995,189004.05700000018
197,2024-09-01,Перекрёсток,Чипсы кукурузные,Кукурузные фигурные,"ООО ""РУССКАРТ-СИТИ""",СырBall,СЫРBALL Шарики кукур.со вк.хачапури 140г,СЫРBALL кук. Хачапури 140г,140,Хачапури,21921,2275196.009999994,3.0689399999999987,1339908.5919999997
198,2024-09-01,Перекрёсток,Чипсы кукурузные,Кукурузные фигурные,"ООО ""РУССКАРТ-СИТИ""",СырBall,СЫРBALL Шарики кукур.со вкус.краба 140г,СЫРBALL кук. Краб 140г,140,Краб,2526,374662.6099999993,0.353639999999999,161543.5690000001
199,2024-09-01,Перекрёсток,Чипсы кукурузные,Кукурузные фигурные,"ООО ""РУССКАРТ-СИТИ""",СырBall,СЫРBALL Шарики кукуруз.вкус.кетчупа 140г,СЫРBALL кук. Кетчуп 140г,140,Кетчуп,1868,278767.6499999997,0.26152000000000103,105611.86899999986
200,2024-09-01,Перекрёсток,Чипсы кукурузные,Кукурузные фигурные,"ООО ""РУССКАРТ-СИТИ""",СырBall,СЫРBALL Шарики кукуруз.со вк.сыра 140г,СЫРBALL кук. Сыр 140г,140,Сыр,7756,1061413.1599999967,1.0858399999999977,353018.75399999984
201,2024-09-01,Перекрёсток,Чипсы кукурузные,Кукурузные фигурные,"ООО ""РУССКАРТ-СИТИ""",Сырколбас,СЫРКОЛБ.Снеки кук.вкус.Двойной сыр 100г,Сырколбас кук. Двойной сыр 100г,100,Сыр,5807,494625.11999999965,0.5806999999999998,246269.62799999985
202,2024-09-01,Перекрёсток,Чипсы кукурузные,Кукурузные фигурные,"ООО ""РУССКАРТ-СИТИ""",Сырколбас,СЫРКОЛБАС Снеки кук.вк.сыр/колбаса 100г,Сырколбас кук. Сыр и колбаса 100г,100,Сыр и колбаса,8581,734133.2599999985,0.8580999999999984,370263.3659999997
203,2024-09-01,Перекрёсток,Чипсы кукурузные,Кукурузные фигурные,Юникорн ООО,HOLYCORN,HOLYCORN Снеки кук.со вкус.Смет/зел.50г,HOLYCORN кук. Ссметана и зелень 50г,50,Сметана и зелень,227,21180.31,0.01135,8292.273000000001
204,2024-09-01,Перекрёсток,Чипсы кукурузные,Кукурузные фигурные,Юникорн ООО,HOLYCORN,HOLYCORN Снеки кукуруз.со вкус.Томат 50г,HOLYCORN кук. Томат 50г,50,Томат,499,41677.55999999999,0.024950000000000003,21886.391999999993
205,2024-09-01,Перекрёсток,Чипсы кукурузные,Кукурузные фигурные,Юникорн ООО,HOLYCORN,HOLYCORN Снеки кукуруз.со вкусом Сыр 50г,HOLYCORN кук. Сыр 50г,50,Сыр,3058,186609.58000000007,0.15290000000000004,113272.17000000001
206,2024-09-01,Перекрёсток,Чипсы прессованные,Прессованные пластинки,Белпродукт ООО,MEGA CHIPS,MEGA CH.Мегачипсы карт.вк.норв.лобс.100г,MEGA CHIPS Норвежский лобстер 100г,100,Лобстер,24954,1515695.8999999997,2.4953999999999983,916437.2039999998
207,2024-09-01,Перекрёсток,Чипсы прессованные,Прессованные пластинки,Белпродукт ООО,MEGA CHIPS,MEGA CHIPS Чипсы СО ВК.КУРИЦЫ 100г,MEGA CHIPS Курица 100г,100,Курица,26040,1596882.4600000014,2.604000000000001,956178.948
208,2024-09-01,Перекрёсток,Чипсы прессованные,Прессованные пластинки,Белпродукт ООО,MEGA CHIPS,MEGA CHIPS Чипсы СО ВК.СМЕТАНЫ/ЛУКА 100г,MEGA CHIPS Сметана и лук 100г,100,Сметана и лук,88033,5300513.719999997,8.803300000000016,3233366.4840000034
209,2024-09-01,Перекрёсток,Чипсы прессованные,Прессованные пластинки,Белпродукт ООО,MEGA CHIPS,MEGA CHIPS Чипсы СО ВК.СМЕТАНЫ/СЫРА 100г,MEGA CHIPS Сметана и сыр 100г,100,Сметана и сыр,84805,5118309.99000001,8.4805,3115039.8240000014
210,2024-09-01,Перекрёсток,Чипсы прессованные,Прессованные в пачке-чаше,Маревен Фуд Сэнтрал ООО,Big Bon,BIG BON Чипсы карт.вк.См.зел.с.Чес.105г,BigBon Сметана и зелень с соусом чесночный 105г,105,Сметана и зелень,1,9.0,0.000105,64.188
211,2024-09-01,Перекрёсток,Чипсы прессованные,Прессованные в тубе,"""ТРАНСАТЛАНТИК ИНТЕРНЕЙШНЛ""АО",Mister Potato,MR.POTATO Чипсы со вк.барбекю карт.160г,Mister Potato Барбекю 160г,160,Барбекю,4,1399.96,0.00064,570.24
212,2024-09-01,Перекрёсток,Чипсы прессованные,Прессованные в тубе,Маревен Фуд Сэнтрал ООО,Big Bon,BIG BON Чипсы карт.вк.Смет/зел.лук 130г,Big Bon Сметана и лук 130г,130,Сметана и лук,4,515.6,0.00052,288.816
213,2024-09-01,Перекрёсток,Чипсы прессованные,Прессованные в тубе,Маревен Фуд Сэнтрал ООО,Big Bon,BIG BON Чипсы карт.вкус.Снеж.краб 130г,Big Bon Снежный краб 130г,130,Краб,5,359.0,0.00065,361.02
214,2024-09-01,Перекрёсток,Чипсы прессованные,Прессованные в тубе,Фрито Лэй,Lays STAX,LAYS Чипсы STAX карт.вк.Ар.реб.барб.140г,Lays STAX Ароматные ребрышки барбекю 140г,140,Ребрышки барбекю,24977,5906809.220000008,3.4967799999999984,3682356.780000001
215,2024-09-01,Перекрёсток,Чипсы прессованные,Прессованные в тубе,Фрито Лэй,Lays STAX,LAYS Чипсы STAX карт.вк.Неж.см/лук 140г,Lays STAX Нежная сметана и лук 140г,140,Сметана и лук,30971,7492541.040000006,4.335940000000009,4562411.675999988
216,2024-09-01,Перекрёсток,Чипсы прессованные,Прессованные в тубе,Фрито Лэй,Lays STAX,LAYS Чипсы STAX карт.вкус.Пик.пап.140г,Lays STAX Пикантная паприка 140г,140,Паприка,15430,3900764.0700000064,2.160200000000004,2274818.4359999998
217,2024-09-01,Перекрёсток,Чипсы прессованные,Прессованные в тубе,Келлогг Рус ООО,Pringles,PRING.Чипсы ORIGINAL картофельные 165г,PRINGLES Оригинальные 165г,165,Оригинальные,9232,3408163.089999999,1.5232799999999973,2187747.0
218,2024-09-01,Перекрёсток,Чипсы прессованные,Прессованные в тубе,Келлогг Рус ООО,Pringles,PRING.Чипсы БАРБЕКЮ картофельные 165г,PRINGLES Барбекю 165г,165,Барбекю,7103,2617732.5500000007,1.1719949999999992,1683411.0
219,2024-09-01,Перекрёсток,Чипсы прессованные,Прессованные в тубе,Келлогг Рус ООО,Pringles,PRING.Чипсы ОСТРО ПРЯНЫЙ картоф.165г,PRINGLES Остро-пряный 165г,165,Острый пряный,8856,3276011.839999994,1.4612399999999997,2098872.0
220,2024-09-01,Перекрёсток,Чипсы прессованные,Прессованные в тубе,Келлогг Рус ООО,Pringles,PRING.Чипсы СМЕТАНА И ЛУК картоф.165г,PRINGLES Сметана и лук 165г,165,Сметана и лук,11197,4117682.4300000016,1.8475050000000002,2653689.0
221,2024-09-01,Перекрёсток,Чипсы прессованные,Прессованные в тубе,Келлогг Рус ООО,Pringles,PRING.Чипсы СОЛЬ/УКСУС картофельные 165г,PRINGLES Соль и уксус 165г,165,Соль и уксус,3190,1173774.5299999993,0.5263499999999994,756030.0
222,2024-09-01,Перекрёсток,Чипсы прессованные,Прессованные в тубе,Келлогг Рус ООО,Pringles,PRING.Чипсы СЫР И ЛУК картофельные 165г,PRINGLES Сыр и лук 165г,165,Сыр и лук,7957,2915962.300000001,1.3129049999999995,1885809.0
223,2024-09-01,Перекрёсток,Чипсы прессованные,Прессованные в тубе,Келлогг Рус ООО,Pringles,PRINGL.Чипсы ПАПРИКА карт.165г,PRINGLES Паприка 165г,165,Паприка,11402,4199747.920000014,1.8813299999999977,2679428.0759999994
224,2024-09-01,Перекрёсток,Чипсы прессованные,Прессованные в тубе,Guangdong Peke Food Enterprises Co Ltd,PEKE,PEKE Чипсы карт.вкус.сметаны и лука 130г,PEKE Сметана и лук 140/130г,130,Сметана и лук,1896,193003.97999999995,0.24648000000000014,150730.88400000005
225,2024-09-01,Перекрёсток,Чипсы прессованные,Прессованные в тубе,Guangdong Peke Food Enterprises Co Ltd,PEKE,PEKE Чипсы карт.со вкусом краба 130г,PEKE Краб 130г,130,Краб,1982,201010.5800000001,0.25766,157704.1199999999
226,2024-09-01,Перекрёсток,Чипсы прессованные,Прессованные в тубе,Guangdong Peke Food Enterprises Co Ltd,PEKE,PEKE Чипсы карт.со вкусом паприки 130г,PEKE Паприка 130г,130,Паприка,1493,152112.08999999994,0.1940900000000001,119123.18399999994
227,2024-09-01,Перекрёсток,Чипсы прессованные,Прессованные в тубе,Guangdong Peke Food Enterprises Co Ltd,PEKE,PEKE Чипсы карт.со вкусом сыра 130г,PEKE Сыр 130г,130,Сыр,1853,187721.29000000012,0.24089000000000002,148553.292
228,2024-09-01,Перекрёсток,Чипсы прессованные,Прессованные в тубе,Guangdong Peke Food Enterprises Co Ltd,PEKE,PEKE Чипсы ОРИГИНАЛЬНЫЕ карт.130г,PEKE Оригинальные 130г,130,Оригинальные,2775,281677.2800000002,0.36075000000000035,222007.16400000028
229,2024-09-01,Перекрёсток,Чипсы прессованные,Прессованные фигурные,"ООО ""РУССКАРТ-СИТИ""",Русская картошка,РУС.КАРТ.Чипсы карт.вк.зел.лука/см.190г,Русская картошка Сметана и лук 190г,190,Сметана и лук,7866,1282856.289999996,1.49454,580698.4480000004
230,2024-09-01,Перекрёсток,Чипсы прессованные,Прессованные фигурные,"ООО ""РУССКАРТ-СИТИ""",Русская картошка,РУС.КАРТ.Чипсы карт.вк.крев.тем.вас.105г,Русская картошка Креветки теемпура с васаби 105г,105,Креветки и васаби,656,102503.69000000005,0.06887999999999993,33070.92800000001
231,2024-09-01,Перекрёсток,Чипсы прессованные,Прессованные фигурные,"ООО ""РУССКАРТ-СИТИ""",Русская картошка,РУС.КАРТ.Чипсы карт.вк.малосол.ог.105г,Русская Картошка Малосольные огурцы 105г,105,Огурцы малосольные,1045,173536.39000000016,0.10972499999999993,52705.697000000066
232,2024-09-01,Перекрёсток,Чипсы прессованные,Прессованные фигурные,"ООО ""РУССКАРТ-СИТИ""",Русская картошка,РУС.КАРТ.Чипсы карт.вк.сала с чесн.105г,Русская Картошка Сало с чесноком 105г,105,Сало и чеснок,1184,194762.3899999999,0.12431999999999988,59764.01200000007
233,2024-09-01,Перекрёсток,Чипсы прессованные,Прессованные фигурные,"ООО ""РУССКАРТ-СИТИ""",Русская картошка,РУС.КАРТ.Чипсы карт.вк.сметаны/лука 80г,Русская картошка Сметана и лук 80г,80,Сметана и лук,19786,1614919.7799999972,1.5828799999999978,738483.6030000007
234,2024-09-01,Перекрёсток,Чипсы прессованные,Прессованные фигурные,"ООО ""РУССКАРТ-СИТИ""",Русская картошка,РУС.КАРТ.Чипсы карт.вкус.камч.краба 200г,Русская картошка Камчатскиий краб 200г,200,Краб,175,34493.10000000001,0.034999999999999976,18146.468999999994
235,2024-09-01,Перекрёсток,Чипсы прессованные,Прессованные фигурные,"ООО ""РУССКАРТ-СИТИ""",Русская картошка,РУС.КАРТ.Чипсы карт.вкус.кур.гриль 200г,Русская картошка Курица гриль 200г,200,Курица,137,24260.330000000005,0.02739999999999999,14267.044
236,2024-09-01,Перекрёсток,Чипсы прессованные,Прессованные фигурные,"ООО ""РУССКАРТ-СИТИ""",Русская картошка,РУС.КАРТ.Чипсы карт.вкус.кур.крыл.140г,Русская картошка Куриные крылышки 140г,140,Курица,7740,925880.0200000003,1.083600000000003,452030.8320000003
237,2024-09-01,Перекрёсток,Чипсы прессованные,Прессованные фигурные,"ООО ""РУССКАРТ-СИТИ""",Русская картошка,РУС.КАРТ.Чипсы карт.вкус.лука/смет.200г,Русская картошка Сметана и лук 200г,200,Сметана и лук,65,12480.699999999993,0.013000000000000005,6535.001
238,2024-09-01,Перекрёсток,Чипсы прессованные,Прессованные фигурные,"ООО ""РУССКАРТ-СИТИ""",Русская картошка,РУС.КАРТ.Чипсы карт.вкус.Остр.соус 190г,Русская картошка Острый соус 190г,190,Соус острый,169,36675.53000000003,0.03210999999999998,13128.335
239,2024-09-01,Перекрёсток,Чипсы прессованные,Прессованные фигурные,"ООО ""РУССКАРТ-СИТИ""",Русская картошка,РУС.КАРТ.Чипсы карт.вкус.Охот.колб.140г,Русская картошка Охотничьи колбаски 140г,140,Колбаски,8769,1031815.0899999996,1.2276600000000044,511976.2560000003
240,2024-09-01,Перекрёсток,Чипсы прессованные,Прессованные фигурные,"ООО ""РУССКАРТ-СИТИ""",Русская картошка,РУС.КАРТ.Чипсы карт.со вкус.вар.рак.140г,Русская Картошка Вареные раки 140г,140,Раки,7632,906040.4599999994,1.0684800000000036,445492.08000000013
241,2024-09-01,Перекрёсток,Чипсы прессованные,Прессованные фигурные,"ООО ""РУССКАРТ-СИТИ""",Русская картошка,РУС.КАРТ.Чипсы карт.со вкус.смет/укр.80г,Русская картошка Сметана и укроп 80г,80,Сметана и укроп,23714,2145875.149999997,1.89712,977191.7319999988
242,2024-09-01,Перекрёсток,Чипсы прессованные,Прессованные фигурные,"ООО ""РУССКАРТ-СИТИ""",Русская картошка,РУС.КАРТ.Чипсы карт.со вкусом краба 190г,Русская картошка Камчатскиий краб 190г,190,Краб,4609,755576.359999999,0.8757100000000021,340630.9940000002
243,2024-09-01,Перекрёсток,Чипсы прессованные,Прессованные фигурные,"ООО ""РУССКАРТ-СИТИ""",Русская картошка,РУС.КАРТ.Чипсы карт.со вкусом кревет.80г,Русская картошка Креветки 80г,80,Креветки,9432,738665.8599999987,0.7545599999999992,345308.4470000003
244,2024-09-01,Перекрёсток,Чипсы прессованные,Прессованные фигурные,"ООО ""РУССКАРТ-СИТИ""",Русская картошка,РУС.КАРТ.Чипсы картоф.вк.слад.чили 105г,Русская Картошка Сладкий чили 105г,105,Чили,824,129864.42000000016,0.08651999999999992,41540.312000000034
245,2024-09-01,Перекрёсток,Чипсы прессованные,Прессованные фигурные,"ООО ""РУССКАРТ-СИТИ""",Русская картошка,РУС.КАРТ.Чипсы картоф.вкус.жар.кур.190г,Русская картошка Жареная курица 190г,190,Курица,5227,866110.679999998,0.9931300000000016,385995.33500000084
246,2024-09-01,Перекрёсток,Чипсы прессованные,Прессованные фигурные,"ООО ""РУССКАРТ-СИТИ""",Русская картошка,РУС.КАРТ.Чипсы картоф.со вкус.курицы 80г,Русская картошка Жареная курица 80г,80,Курица,31,2444.53,0.00248,1340.471
247,2024-09-01,Перекрёсток,Чипсы прессованные,Приссованные рифленые,"""МАТЯШ""ООО",Лайк овал,LAYS Чипс.карт.вк.лис.в см.85г,Лейз из печи Лисички в сметане 85г,85,Сметана и Грибы Лисички,68964,8178949.460000009,5.861940000000006,4363864.392000002
248,2024-09-01,Перекрёсток,Чипсы прессованные,Приссованные рифленые,"""МАТЯШ""ООО",Лайк овал,LAYS Чипсы карт.со вкус.неж.сыр зел.85г,Лейз из печи Нежный сыр и зелень 85г,85,Сыр и зелень,36358,4372475.699999999,3.0904299999999947,2298661.992
249,2024-09-01,Перекрёсток,Чипсы прессованные,Приссованные рифленые,"""МАТЯШ""ООО",Лайк овал,LAYS Чипсы картофельные вкус.Хамон 81г,Лейз из печи Хамон 81г,81,Хамон,27593,3373827.899999999,2.235032999999989,1746428.1719999993
250,2024-09-01,Перекрёсток,Чипсы прочие,Кукурузно-рисовые,Евро фудс ООО,Happy Crisp,HAP.CR.Чип.ц/з кук-р.вк.Сыр пар.ч/з.50г,Happy Crisp Альпийский сыр 50г,50,Сыр,1,69.99,5e-05,24.288
251,2024-09-01,Перекрёсток,Чипсы прочие,Кукурузно-рисовые,Евро фудс ООО,Happy Crisp,HAP.CR.Чипсы ц/зерн.кук-рис.вк.ал.сыр50г,Happy Crisp Альпийский сыр 50г,50,Сыр,6,335.4,0.0003,187.44
252,2024-09-01,Перекрёсток,Чипсы прочие,Кукурузно-рисовые,Евро фудс ООО,Happy Crisp,HAP.CR.Чипсы ц/зерн.кук-рис.вк.Пицца 50г,Happy Crisp Альпийский сыр 50г,50,Пицца,4,212.0,0.0002,113.24499999999999
253,2024-09-01,Перекрёсток,Чипсы прочие,Кукурузно-рисовые,Евро фудс ООО,Happy Crisp,HAP.CR.Чипсы ц/зерн.кук-рис.вк.См/лук50г,Happy Crisp Альпийский сыр 50г,50,Сметана и лук,4,216.2,0.0002,114.87299999999999
254,2024-09-01,Перекрёсток,Чипсы прочие,Кукурузно-рисовые,Хлебпром ОАО,Dr.Korner ,DR.KORNER Чипсы кук/рис.олив.мас/роз.50г,Dr.Korner Оливковое масло и розмарин 50г,50,Розмарин и оливковое масло,61,3434.7099999999996,0.0030499999999999998,1743.808
255,2024-09-01,Перекрёсток,Чипсы прочие,Кукурузно-рисовые,Хлебпром ОАО,Dr.Korner ,DR.KORNER Чипсы кук/рис.с том/баз.50г,Dr.Korner Томат и базилик 50г,50,Томат и базилик,33,1873.6100000000001,0.0016499999999999998,916.135
256,2024-09-01,Перекрёсток,Чипсы прочие,Кукурузно-рисовые,Хлебпром ОАО,Dr.Korner ,DR.KORNER Чипсы кук-рис.смет/зел.лук.50г,Dr.Korner Зеленый лук 50г,50,Зеленый лук,10377,642175.2699999992,0.5188500000000004,390291.6819999997
257,2024-09-01,Перекрёсток,Чипсы прочие,Кукурузно-рисовые,Хлебпром ОАО,Dr.Korner ,DR.KORNER Чипсы кукурузно-рис.с сыр.50г,Dr.Korner Сыр 50г,50,Сыр,8,522.6999999999999,0.0004,252.032
258,2024-09-01,Перекрёсток,Чипсы прочие,Кукурузно-рисовые,Хлебпром ОАО,Dr.Korner ,DR.KORNER Чипсы ц/з кук-рис.с пап/чил50г,Dr.Korner Паприка и чили 50г,50,Паприка и чили,11,351.8,0.00055,342.793
259,2024-09-01,Перекрёсток,Чипсы прочие,Кукурузно-рисовые,Хлебпром ОАО,Dr.Korner ,DR.KORNER Чипсы ц/з.кук-рис.в.том/бал50г,Dr.Korner Томат и базилик 50г,50,Томат и базилик,13712,1078816.6800000004,0.6855999999999993,521475.92200000037
260,2024-09-01,Перекрёсток,Чипсы прочие,Кукурузно-рисовые,"ООО ""СЛАДОСТИ ДЛЯ РАДОСТИ""",RICE UP!,RICE UP! Чипсы ц/зерн.вк.вас.бур.рис.60г,RICE UP! Чипсы ц/зерн.вк. Васаби 60г,60,Васаби,2697,473009.0399999992,0.16182000000000027,217763.70000000013
261,2024-09-01,Перекрёсток,Чипсы прочие,Кукурузно-рисовые,"ООО ""СЛАДОСТИ ДЛЯ РАДОСТИ""",RICE UP!,RICE UP! Чипсы ц/зерн.вк.кет.бур.рис.60г,RICE UP! Чипсы ц/зерн.вк. Кетчуп 60г,60,Кетчуп,2584,451085.3899999988,0.15504000000000026,209482.74000000037
262,2024-09-01,Перекрёсток,Чипсы прочие,Кукурузно-рисовые,Зеленая линия,Зеленая линия,ЗЕЛ.ЛИН.Флайчипсы зер.кук-рис.с сол.40г,Зеленая линия Флайчипсы зер.кук-рис. Соль 40г,40,Соль,13701,1024809.8199999993,0.5480400000000013,532394.302000001
263,2024-09-01,Перекрёсток,Чипсы прочие,Кукурузно-рисовые,Зеленая линия,Зеленая линия,ЗЕЛ.ЛИН.Флайчипсы зерн.с том/олив.40г,Зеленая линия Флайчипсы зер.кук-рис. Томат и оливки 40г,40,Томат и оливки,15567,1398545.9099999988,0.6226800000000009,594803.8140000005
264,2024-09-01,Перекрёсток,Чипсы прочие,Нутовые,Шеллдон ООО,Don Shelldon,DON SHELLD.Чипсы НУТСЫ вкус.Смет/зел.50г,Don Shelldon нут. Сметана и зелень 50г,50,Сметана и зелень,1975,148037.39999999994,0.09875000000000009,86720.89199999998
265,2024-09-01,Перекрёсток,Чипсы прочие,Нутовые,Шеллдон ООО,Don Shelldon,DON SHELLD.Чипсы НУТСЫ вкус.Сыр Чедд.50г,Don Shelldon нут. Сыр чеддер 50г,50,Сыр,1564,114948.12,0.0782,69410.32800000002
266,2024-09-01,Перекрёсток,Чипсы прочие,Нутовые,Зеленая линия,Зеленая линия,ЗЕЛ.ЛИН.Чипсы нут.вкус.йогурта/трав 50г,Зеленая линия нут. Йогурт и травы 50г,50,Йогурт и травы,269,43258.62000000003,0.01344999999999999,21347.388000000003
267,2024-09-01,Перекрёсток,Чипсы прочие,Нутовые,Зеленая линия,Зеленая линия,ЗЕЛ.ЛИН.Чипсы нутов.со вкус.авокадо 50г,Зеленая линия нут. Авокадо 50г,50,Авокадо,272,44900.77000000001,0.013599999999999998,21547.967999999983
268,2024-09-01,Перекрёсток,Чипсы прочие,Овощные,ИП Ермакова Елена Андреевна,Чипсы ИЗ АРКТИКИ,Чипсы ИЗ АРКТИКИ из ягеля 10г,Чипсы ИЗ АРКТИКИ из ягеля 10г,10,Сироп,3,2179.9700000000003,3.0000000000000004e-05,1080.0
269,2024-09-01,Перекрёсток,Чипсы прочие,Овощные,"ООО ""ЗЕЛЕНАЯ ГОРКА""",MOJNO,MOJNO Чипсы карт/лука гим.сол/чер.пер75г,MOJNO карт/лука Соль и черный перец 75г,75,Соль и лук,235,34567.15000000002,0.017625000000000023,16159.872000000014
270,2024-09-01,Перекрёсток,Чипсы прочие,Овощные,"ООО ""ЗЕЛЕНАЯ ГОРКА""",MOJNO,MOJNO Чипсы нат.бат.с томат/паприк.75г,MOJNO бат. Томат и паприа 75г,75,Паприка и томат,144,23106.420000000013,0.010800000000000014,9940.452000000007
271,2024-09-01,Перекрёсток,Чипсы прочие,Овощные,"ООО ""ЗЕЛЕНАЯ ГОРКА""",MOJNO,MOJNO Чипсы нат.из батата с сыр.Чед.75г,MOJNO бат. Сыр чеддер 75г,75,Сыр,4183,697359.7299999974,0.3137249999999991,399080.964
272,2024-09-01,Перекрёсток,Чипсы прочие,Овощные,"ООО ""ЗЕЛЕНАЯ ГОРКА""",MOJNO,MOJNO Чипсы нат.карт/гр.шиит/лука см.75г,MOjNO Грибы Шиитаки и лук 75г,75,Грибы Шиитаки и лук,2680,442272.0399999986,0.20099999999999993,242203.08000000007
273,2024-09-01,Перекрёсток,Чипсы прочие,Овощные,"ООО ""ЭВЕРЕСТ""",REEEL,REEEL Чипсы БАТАТ-СЫР ЧЕДДЕР натур.30г,REEEL батат Сыр чеддер 30г,30,Сыр,2309,183327.31,0.06927000000000007,116475.70800000001
274,2024-09-01,Перекрёсток,Чипсы прочие,Овощные,"ООО ""ЭВЕРЕСТ""",REEEL,REEEL Чипсы КАРТ-ГР.ШИИТ.СМ-ЛУК нат.30г,REEEL Сметана и лук и Грибы Шиитаки 30г,30,Сметана и лук и Грибы Шиитаки,3676,291580.8799999997,0.11028000000000049,155417.97600000017
275,2024-09-01,Перекрёсток,Чипсы прочие,Пшеничные,ИП Азаров А. В.,AZAR Лавашики,AZAR Лавашики хр.вк/ар.смет.с луком 90г,AZAR Лавашики Сметана и лук 90г,90,Сметана и лук,33,2430.56,0.0029699999999999996,1050.456
276,2024-09-01,Перекрёсток,Чипсы прочие,Пшеничные,ИП Азаров А. В.,AZAR Лавашики,AZAR Лавашики хр.вк/ар.сыр с чеснок.90г,AZAR Лавашики Сыр с чесноком 90г,90,Сыр и чеснок,32,2812.1099999999997,0.002879999999999999,1004.6630000000001
277,2024-09-01,Перекрёсток,Чипсы прочие,Пшеничные,Восточная снековая компания ООО,Binggrae,BINGGRAE Чипсы ЗЯКИ-ЗЯКИ 50г,BINGGRAE Чипсы ЗЯКИ-ЗЯКИ 50г,50,Говядина,159,14755.23,0.00795,6723.372
278,2024-09-01,Перекрёсток,Чипсы прочие,Пшеничные,Восточная снековая компания ООО,Binggrae,BINGGRAE Чипсы КРАБ ЧИПСЫ хруст.50г,BINGGRAE Краб 50г,50,Краб,1537,115626.81999999998,0.07685,66282.44399999997
279,2024-09-01,Перекрёсток,Чипсы прессованные,Прессованные фигурные,Келлогг Рус ООО,CHEESL'S,CHEESL'S Чипсы пш-кар.з.сыр.вк.дв.с.100г,CHEESL'S пш. Двойной сыр 100г,100,Сыр,846,122431.60000000017,0.08460000000000013,42305.07600000005
280,2024-09-01,Перекрёсток,Чипсы прессованные,Прессованные фигурные,Келлогг Рус ООО,CHEESL'S,CHEESL'S Чипсы пш-кар.з.сыр.вк.см/л.100г,CHEESL'S пш. Сметана и лук 100г,100,Сметана и лук,782,113930.44000000013,0.07820000000000012,39104.69200000001
281,2024-09-01,Перекрёсток,Чипсы прочие,Кукурузно-рисовые,Хлебпром ОАО,Dr.Korner ,DR.KORNER Чип.кук-рис.тайс.ос.сл.пер.50г,Dr.Korner Тайский перец 50г,50,Перец тайский,8531,626236.5499999991,0.42654999999999965,321423.41000000015
282,2024-09-01,Перекрёсток,Чипсы прочие,Кукурузно-рисовые,Хлебпром ОАО,Dr.Korner ,DR.KORNER Чипсы ц/з кук-рис.сыр.начо 50г,Dr.Korner Сыр 50г,50,Сыр,18444,1167140.2300000004,0.9221999999999989,574940.7289999995
283,2024-09-01,Перекрёсток,Чипсы прочие,Пшеничные,"ООО ""5Д""",5D,5D Чипсы пшен.вкус.сыр со сметан/зел.90г,5D пшен. Сыр со сметаной и зеленью 90г,90,Сметана и зелень,1,49.99,9e-05,17.523
284,2024-09-01,Перекрёсток,Чипсы прочие,Пшеничные,"ООО ""5Д""",5D,5D Чипсы пшен.со вк.сметаны и лука 90г,5D пшен. Сметана и лук 90г,90,Сметана и лук,781,34788.04000000001,0.07028999999999996,15280.803999999998
285,2024-09-01,Перекрёсток,Чипсы прочие,Пшеничные,"ООО ""5Д""",5D,5D Чипсы пшен.со вкус.Стейк на углях 90г,5D пшен. Стейк на углях 90г,90,Стейк,564,25316.370000000006,0.05075999999999994,9954.339999999995
286,2024-09-01,Перекрёсток,Чипсы прочие,Пшеничные,"ООО ""5Д""",5D,5D Чипсы пшеничн.со вкус.Камчат.краб 90г,5D пшен. Камчатский краб 90г,90,Краб,592,25950.270000000008,0.05327999999999996,10396.155
287,2024-09-01,Перекрёсток,Чипсы прочие,Пшеничные,"ООО ""5Д""",5D,5D Чипсы пшеничные со вкусом бекона 90г,5D пшен. Бекон 90г,90,Бекон,507,21945.910000000003,0.04562999999999997,8897.801
288,2024-09-01,Перекрёсток,Чипсы прочие,Пшеничные,"ООО ""ПАНАЗИЯ ИМПЭКС""",MYREAL,MYREAL Чипсы малайзийск.кревет.прем.50г,MYREAL Малазийские креветки 50г,50,Креветки,1872,519248.48000000004,0.09360000000000002,288302.97600000043
289,2024-09-01,Перекрёсток,Чипсы прочие,Пшеничные,"ООО ""ТРЕЙДБЕРРИ""",Free Ride,FR.RIDE Чипсы пш.вк.ростбифа с хрен.50г,Free Ride Ростбиф с хреном 50г,50,Хрен и ростбиф,164,7913.649999999997,0.008199999999999999,4059.0
290,2024-09-01,Перекрёсток,Чипсы прочие,Пшеничные,"ООО ""ТРЕЙДБЕРРИ""",Free Ride,FR.RIDE Чипсы пш.со вк.бекона 50г,Free Ride Бекон 50г,50,Бекон,141,6940.619999999997,0.007049999999999997,3489.75
291,2024-09-01,Перекрёсток,Чипсы прочие,Пшеничные,"ООО ""ТРЕЙДБЕРРИ""",Free Ride,FR.RIDE Чипсы пш.со вк.лука со смет.50г,Free Ride Сметана и лук 50г,50,Сметана и лук,4,239.98000000000002,0.0002,99.0
