,Период,Сеть,Категория,Тип основы,Поставщики,Бренды,Наименование,УНИ Наименование,Граммовка,Вкусы,"Продажи, шт","Продажи, руб ","Продажи, тонн ","Себест., руб "
0,2024-09-01,Пятёрочка,Чипсы картофельные обычные,ЧСК в пачке-чаше,Маревен Фуд Сэнтрал ООО,Big Bon,BIG BON SN.B.Чип.кар.вк.Сыр с хр.бек.70г,BIG BON Snack Box Сыр с хруст. Беконом 70г,70,Сыр и бекон,973,91256.51000000001,0.06811,44142.696
1,2024-09-01,Пятёрочка,Чипсы картофельные обычные,ЧСК в пачке-чаше,Маревен Фуд Сэнтрал ООО,Big Bon,BIG BON SN.B.Чипсы карт.вк.Коп.папр.70г,BIG BON Snack Box Копченая паприка 70г,70,Паприка,937,79619.48999999999,0.06559,42817.15199999999
2,2024-09-01,Пятёрочка,Чипсы картофельные обычные,ЧСК обычные,Импортлогистик ООО  ,San Carlo,S.CAR.Чипсы картоф.лайм/роз.пер.150г,San Carlo Лайм и розовый перец 150 г,150,Лайм и перец розовый,5,1482.9,0.00075,840.312
3,2024-09-01,Пятёрочка,Чипсы картофельные обычные,ЧСК обычные,Импортлогистик ООО  ,San Carlo,S.CAR.Чипсы картоф.паприка 150г,San Carlo Паприка 150 г,150,Паприка,1,230.65,0.00015,164.676
4,2024-09-01,Пятёрочка,Чипсы картофельные обычные,ЧСК обычные,Импортлогистик ООО  ,San Carlo,S.CAR.Чипсы картоф.томат 150г,San Carlo Томат 150 г,150,Томат,1,319.99,0.00015,166.704
5,2024-09-01,Пятёрочка,Чипсы картофельные обычные,ЧСК обычные,Импортлогистик ООО  ,San Carlo,S.CAR.Чипсы КЛАССИКА картоф.180г,San Carlo Классика 180 г,180,Оригинальные,1,290.0,0.00018,198.396
6,2024-09-01,Пятёрочка,Чипсы картофельные обычные,ЧСК обычные,"АО ""ТРАНСАТЛАНТИК ИНТЕРНЕЙШНЛ""",Savoursmiths,SAVOUR.Чип.карт.сыр.чеддр/лук-шалот 150г,Savoursmiths Сыр.чеддр и лук-шалот 150г,150,Сыр и лук-шалот,1,535.0,0.00015,281.604
7,2024-09-01,Пятёрочка,Чипсы картофельные обычные,ЧСК обычные,Глобал Снэк ООО,Bon Giorno,BON GIOR.Чипсы карт.вк.Кр.Бел.Вин.80г,BON GIORNO Креветки в белом вине 80г,80,Креветки и вино,19,1988.48,0.00152,841.8000000000001
8,2024-09-01,Пятёрочка,Чипсы картофельные обычные,ЧСК обычные,Глобал Снэк ООО,Bon Giorno,BON GIOR.Чипсы карт.вк.Лис.По-Мил.80г,BON GIORNO Лисички по-милански 80г,80,Грибы Лисички,44,4754.7300000000005,0.00352,2126.9400000000005
9,2024-09-01,Пятёрочка,Чипсы картофельные обычные,ЧСК обычные,Глобал Снэк ООО,Bon Giorno,BON GIOR.Чипсы карт.вк.Хам.Де Тер.80г,BON GIORNO Хамон 80г,80,Хамон,17,1807.88,0.00136,788.808
10,2024-09-01,Пятёрочка,Чипсы картофельные обычные,ЧСК обычные,КДВ ООО,Хрустящий картофель,Картоф.хруст.в ломт.с солью160г,Хрустящий картофель Соль 160г,160,Соль,170,27127.42,0.0272,14519.315999999999
11,2024-09-01,Пятёрочка,Чипсы картофельные обычные,ЧСК обычные,КДВ ООО,Хрустящий картофель,ХРУСТ.КАРТ.Чипсы карт.нат.вк.смет/лук70г,Хрустящий картофель Сметана и лук 70г,70,Сметана и лук,237,17679.739999999998,0.01659,9225.359999999999
12,2024-09-01,Пятёрочка,Чипсы картофельные обычные,ЧСК обычные,КДВ ООО,Хрустящий картофель,ХРУСТЯЩИЙ КАРТОФЕЛЬ Чипсы с солью 70г,Хрустящий картофель Соль 70г,70,Соль,194,14167.52,0.01358,7914.336
13,2024-09-01,Пятёрочка,Чипсы картофельные обычные,ЧСК обычные,Клин Снек,Пакет картошки,ГАН/ЛЕБ.Чипсы картофельные с солью 100г,Пакет картошки Соль 100г,100,Соль,38,4584.21,0.0038,2557.344
14,2024-09-01,Пятёрочка,Чипсы картофельные обычные,ЧСК обычные,Клин Снек,Пакет картошки,ГАН/ЛЕБ.Чипсы картофельные с томат.100г,Пакет картошки Томат 100г,100,Томат,9,1164.43,0.0009,638.52
15,2024-09-01,Пятёрочка,Чипсы картофельные обычные,ЧСК обычные,Клин Снек,Пакет картошки,ПАК.КАРТ.Чипсы карт.со вкус.Коп.лос.100г,Пакет картошки Копченая лосось 100г,100,Лосось,2,289.99,0.0002,142.2
16,2024-09-01,Пятёрочка,Чипсы картофельные обычные,ЧСК обычные,"ООО ""КОЛЕНКИ ПЧЕЛЫ""",Lava Lava,LAVA LAVA Картофель хр.вкус.смет/зел.50г,LAVA LAVA Сметана и зелень 50г,50,Сметана и зелень,224764,15772505.790000055,11.2382,9164392.691999972
17,2024-09-01,Пятёрочка,Чипсы картофельные обычные,ЧСК обычные,"ООО ""КОЛЕНКИ ПЧЕЛЫ""",Lava Lava,LAVA LAVA Картофель хруст.вкус.кетч.50г,LAVA LAVA Кетчуп 50г,50,Кетчуп,3,239.98,0.00015,146.55599999999998
18,2024-09-01,Пятёрочка,Чипсы картофельные обычные,ЧСК обычные,"ООО ""КОЛЕНКИ ПЧЕЛЫ""",Lava Lava,LAVA LAVA Картофель хруст.вкус.краба 50г,LAVA LAVA Краб 50г,50,Краб,101,7876.119999999999,0.00505,3782.676
19,2024-09-01,Пятёрочка,Чипсы картофельные обычные,ЧСК обычные,"ООО ""КОЛЕНКИ ПЧЕЛЫ""",Lava Lava,LAVA LAVA Картофель хруст.вкус.пельм.50г,LAVA LAVA Краб 50г,50,Пельмени,15,750.3100000000001,0.00075,468.852
20,2024-09-01,Пятёрочка,Чипсы картофельные обычные,ЧСК обычные,"ООО ""КОЛЕНКИ ПЧЕЛЫ""",Lava Lava,LAVA LAVA Картофель хруст.вкус.сыра 50г,LAVA LAVA Сыр 50г,50,Сыр,40354,3098437.6100000027,2.0177,1640159.0399999989
21,2024-09-01,Пятёрочка,Чипсы картофельные обычные,ЧСК обычные,"ООО ""КОЛЕНКИ ПЧЕЛЫ""","ЭУ,ПАЦАН","ЭУ,ПАЦАН Карт.со вкус.гов.лук.хруст.50г","ЭУ,ПАЦАН Говядина и Лук 50г",50,Говядина и лук,155571,10923305.26000042,7.77855,6895816.7879999345
22,2024-09-01,Пятёрочка,Чипсы картофельные обычные,ЧСК обычные,"ООО ""КОЛЕНКИ ПЧЕЛЫ""","ЭУ,ПАЦАН","ЭУ,ПАЦАН Картоф.со вкус.краба хруст.50г","ЭУ,ПАЦАН Краб 50г",50,Краб,3993,287431.9399999997,0.19965,177374.01599999977
23,2024-09-01,Пятёрочка,Чипсы картофельные обычные,ЧСК обычные,"ООО ""КОЛЕНКИ ПЧЕЛЫ""","ЭУ,ПАЦАН","ЭУ,ПАЦАН Картоф.со вкус.см.с лук.хр.50г","ЭУ,ПАЦАН Сметана и Лук 50г",50,Сметана и лук,184551,12833086.900000382,9.22755,8174082.563999977
24,2024-09-01,Пятёрочка,Чипсы картофельные обычные,ЧСК обычные,"ООО ""КОЛЕНКИ ПЧЕЛЫ""","ЭУ,ПАЦАН","ЭУ,ПАЦАН Картоф.со вкусом сыра хруст.50г","ЭУ,ПАЦАН Сыр 50г",50,Сыр,24092,1578721.7399999867,1.2046,1067599.9320000024
25,2024-09-01,Пятёрочка,Чипсы картофельные обычные,ЧСК обычные,Лоренц,Naturals,LORENZ Чипсы NAT.карт.вк.соуса пес.100г,NATURALS Пето 100г,100,Песто,4,683.23,0.0004,352.272
26,2024-09-01,Пятёрочка,Чипсы картофельные обычные,ЧСК обычные,Лоренц,Naturals,LORENZ Чипсы NATUR.карт.вк.чес/зел.100г,NATURALS Чеснок и зелень 100г,100,Чеснок и зелень,9,1475.7,0.0009,768.912
27,2024-09-01,Пятёрочка,Чипсы картофельные обычные,ЧСК обычные,Лоренц,Naturals,LORENZ Чипсы NATUR.карт.мор.сол/перц100г,NATURALS Морская соль и перец 100г,100,Соль и перец черный,35119,3209943.7799999965,3.5119,1944260.2680000004
28,2024-09-01,Пятёрочка,Чипсы картофельные обычные,ЧСК обычные,Лоренц,Naturals,LORENZ Чипсы NATUR.карт.с паприк.100г,NATURALS Паприка 100г,100,Паприка,24407,2814303.040000008,2.4407,1613945.1239999973
29,2024-09-01,Пятёрочка,Чипсы картофельные обычные,ЧСК обычные,Лоренц,Naturals,LORENZ Чипсы NATUR.КЛАС.карт.с солью100г,NATURALS Морская соль и перец 100г,100,Соль,155484,17159803.27000015,15.5484,10345213.451999996
30,2024-09-01,Пятёрочка,Чипсы картофельные обычные,ЧСК обычные,Лоренц,Naturals,LORENZ Чипсы NATURALS карт.бел.гриб.100г,NATURALS Белые грибы 100г,100,Грибы Белые,20,3198.84,0.002,1766.6879999999999
31,2024-09-01,Пятёрочка,Чипсы картофельные обычные,ЧСК обычные,Лоренц,Naturals,LORENZ Чипсы NATURALS карт.с парм.100г,NATURALS Пармезан 100г,100,Сыр,10492,843673.2099999993,1.0492,689139.0480000003
32,2024-09-01,Пятёрочка,Чипсы картофельные обычные,ЧСК обычные,Лоренц,Naturals,LORENZ Чипсы NATURALS карт.с розмар.100г,NATURALS Розмарин 100г,100,Розмарин,12,1983.45,0.0012,1056.816
33,2024-09-01,Пятёрочка,Чипсы картофельные обычные,ЧСК обычные,Маревен Фуд Сэнтрал ООО,Big Bon,BIG BON Чипсы сыр.карт.вк.смет/лука 75г,Big Bon Сметана и лук 75г,75,Сметана и лук,2,165.67000000000002,0.00015,70.344
34,2024-09-01,Пятёрочка,Чипсы картофельные обычные,ЧСК обычные,Москарт ООО,TWISTER,TWISTER Карт.вк.бел.гриб.в сл/с хр.150г,TWISTER Белые грибы 150г,150,Грибы Белые,586593,70166378.76000012,87.98895,40769288.592000574
35,2024-09-01,Пятёрочка,Чипсы картофельные обычные,ЧСК обычные,Москарт ООО,TWISTER,TWISTER Карт.хруст.с солью 70г,TWISTER Соль 70г,70,Соль,505859,31857591.229999725,35.41013,17099062.5360001
36,2024-09-01,Пятёрочка,Чипсы картофельные обычные,ЧСК обычные,Москарт ООО,TWISTER,TWISTER Картоф.хруст.со вк.смет/лук.150г,TWISTER Сметана  и лук 150г,150,Сметана и лук,555727,66146270.14999999,83.35905,38571160.28399986
37,2024-09-01,Пятёрочка,Чипсы картофельные обычные,ЧСК обычные,Москарт ООО,TWISTER,TWISTER Картофель вк.колб.гр.горч.хр150г,TWISTER Колбаски гриль и горчица 150г,150,Колбаса и горчица,656552,76130973.17000027,98.4828,45796102.68000018
38,2024-09-01,Пятёрочка,Чипсы картофельные обычные,ЧСК обычные,Москарт ООО,TWISTER,TWISTER Картофель вкус.паприки хр.150г,TWISTER Паприка 150г,150,Паприка,347,33655.20000000001,0.05205,23279.124000000007
39,2024-09-01,Пятёрочка,Чипсы картофельные обычные,ЧСК обычные,Москарт ООО,TWISTER,TWISTER Картофель хруст.вк.зел.лука 150г,TWISTER Зеленый лук 150г,150,Лук,418727,49576115.11999981,62.80905,29065506.780000184
40,2024-09-01,Пятёрочка,Чипсы картофельные обычные,ЧСК обычные,Москарт ООО,TWISTER,TWISTER Картофель хруст.со вк.краба 150г,TWISTER Краб хруст-Кра 150г,150,Краб,821394,94607632.31999972,123.2091,57247159.944000535
41,2024-09-01,Пятёрочка,Чипсы картофельные обычные,ЧСК обычные,Москарт ООО,TWISTER,TWISTER Картофель хруст.со вкус.сыра 70г,TWISTER Сыр 70г,70,Сыр,540320,32175317.96000007,37.8224,19921679.95199991
42,2024-09-01,Пятёрочка,Чипсы картофельные обычные,ЧСК рифленые,Москарт ООО,Московский картофель,МОСК.КАРТ.Карт.вк.ант.лос.в сл.с.хр.120г,Московский картофель риф. Антлантический лосось в слив. соусе 120г,120,Лосось и соус сливочный,8,671.77,0.00096,457.464
43,2024-09-01,Пятёрочка,Чипсы картофельные обычные,ЧСК рифленые,Москарт ООО,Московский картофель,МОСК.КАРТ.Карт.вк.атл.лос.сл.соусе 150г,Московский картофель риф. Антлантический лосось в слив. соусе 150г,150,Лосось и соус сливочный,7,1081.8,0.00105,617.328
44,2024-09-01,Пятёрочка,Чипсы картофельные обычные,ЧСК рифленые,Москарт ООО,Московский картофель,МОСК.КАРТ.Картофель хр.вк.смет/зел.150г,Московский картофель риф. Сметана и зелень 150г,150,Сметана и зелень,20,3238.4799999999996,0.003,1671.9239999999998
45,2024-09-01,Пятёрочка,Чипсы картофельные обычные,ЧСК рифленые,Москарт ООО,Московский картофель,МОСК.КАРТ.Картофель хр.вк.сыра Парм.150г,Московский картофель риф Сыр пармезан 150г,150,Сыр,27,4177.66,0.00405,2311.548
46,2024-09-01,Пятёрочка,Чипсы картофельные обычные,ЧСК обычные,Фрито Лэй,Lays,LAYS Чипсы вкус.мол.зел.лука нат.кар.70г,Lays Молодой зеленый лук 70г,70,Лук,212955,18320955.280000012,14.90685,11101948.056000136
47,2024-09-01,Пятёрочка,Чипсы картофельные обычные,ЧСК обычные,Фрито Лэй,Lays,LAYS Чипсы вкус.смет/зелени нат.карт.70г,Lays Сметана и зелень 70г,70,Сметана и зелень,145,12682.97,0.01015,8919.396
48,2024-09-01,Пятёрочка,Чипсы картофельные обычные,ЧСК обычные,Фрито Лэй,Lays,LAYS Чипсы вкус.смет/лука натур.карт.70г,Lays Сметана и лук 70г,70,Сметана и лук,131,11680.32,0.00917,7085.436
49,2024-09-01,Пятёрочка,Чипсы картофельные обычные,ЧСК обычные,Фрито Лэй,Lays,LAY'S Чипсы из нат.карт.вк.Диж.горч.125г,Lays Дижонская горчица 125г,125,Горчица,53933,6902531.350000159,6.741625,5040204.419999906
50,2024-09-01,Пятёрочка,Чипсы картофельные обычные,ЧСК обычные,Фрито Лэй,Lays,LAYS Чипсы из нат.карт.вк.сметаны/зел90г,Lays Сметана и зелень 90г,90,Сметана и зелень,22,1979.06,0.00198,1190.952
51,2024-09-01,Пятёрочка,Чипсы картофельные обычные,ЧСК обычные,Фрито Лэй,Lays,LAYS Чипсы из нат.карт.вкус.смет/зел.95г,Lays Сметана и зелень  95г,95,Сметана и зелень,16,1214.1699999999998,0.00152,1333.86
52,2024-09-01,Пятёрочка,Чипсы картофельные обычные,ЧСК обычные,Фрито Лэй,Lays,LAYS Чипсы из нат.картофеля с солью 140г,Lays Соль 140г,140,Соль,799199,117744073.30000004,111.88786,73094766.63600028
53,2024-09-01,Пятёрочка,Чипсы картофельные обычные,ЧСК обычные,Фрито Лэй,Lays,LAYS Чипсы из нат.картофеля с солью 70г,Lays Соль 70г,70,Соль,124,11042.349999999999,0.00868,7039.715999999999
54,2024-09-01,Пятёрочка,Чипсы картофельные обычные,ЧСК обычные,Фрито Лэй,Lays,LAYS Чипсы карт.вкус.ребрышки гриль 140г,Lays Ребрышки гриль 140г,140,Ребрышки гриль,66722,9761671.809999991,9.34108,6107853.911999994
55,2024-09-01,Пятёрочка,Чипсы картофельные обычные,ЧСК обычные,Фрито Лэй,Lays,LAYS Чипсы карт.со вк.молод.зел.лука 90г,Lays Молодой зеленый лук 90г,90,Лук,47,4416.040000000001,0.00423,2438.616
56,2024-09-01,Пятёрочка,Чипсы картофельные обычные,ЧСК обычные,Фрито Лэй,Lays,LAYS Чипсы нат.кар.вк.Гуакам.по-мек.125г,Lays Гуакамоле по-мексикански 125г,125,Гуакамоле,152529,20917566.140000105,19.066125,14495951.064000433
57,2024-09-01,Пятёрочка,Чипсы картофельные обычные,ЧСК обычные,Фрито Лэй,Lays,LAYS Чипсы нат.карт.вк.Мал.огур.укр.140г,Lays Малосольные огурчики с укропом 140г,140,Огурцы малосольные и укроп,47,9594.690000000002,0.00658,5390.7119999999995
58,2024-09-01,Пятёрочка,Чипсы картофельные обычные,ЧСК обычные,Фрито Лэй,Lays,LAYS Чипсы нат.карт.вк.мол.зел.лука 140г,Lays Молодой зеленый лук 140г,140,Лук,1410983,207802256.98000166,197.53762,129787653.816
59,2024-09-01,Пятёрочка,Чипсы картофельные обычные,ЧСК обычные,Фрито Лэй,Lays,LAYS Чипсы нат.карт.вк.Неж.Сыр С Тр.120г,Lays Нежный сыр и трюфель 120г,120,Сыр и трюфель,8,301.04,0.00096,651.168
60,2024-09-01,Пятёрочка,Чипсы картофельные обычные,ЧСК обычные,Фрито Лэй,Lays,LAYS Чипсы нат.карт.вк.Сыр.асс.с мед.90г,Lays Сырное ассорти с медом 90г,90,Сыр и мед,25,2773.8399999999997,0.00225,1713.78
61,2024-09-01,Пятёрочка,Чипсы картофельные обычные,ЧСК обычные,Фрито Лэй,Lays,LAYS Чипсы нат.карт.вкус.смет/зел.140г,Lays Сметана и зелень 140г,140,Сметана и зелень,220004,32343454.840000026,30.80056,19327139.651999965
62,2024-09-01,Пятёрочка,Чипсы картофельные обычные,ЧСК обычные,Фрито Лэй,Lays,LAYS Чипсы нат.карт.вкус.смет/лука 140г,Lays Сметана и лук 140г,140,Сметана и лук,1743496,257172027.1300005,244.08944,159382439.44800022
63,2024-09-01,Пятёрочка,Чипсы картофельные обычные,ЧСК обычные,Фрито Лэй,Lays,LAYS Чипсы нат.карт.со вкусом бекона 70г,Lays Бекон 70г,70,Бекон,22,1331.85,0.00154,1465.728
64,2024-09-01,Пятёрочка,Чипсы картофельные обычные,ЧСК обычные,Фрито Лэй,Lays,LAYS Чипсы нат.карт.со вкусом краба 140г,Lays Краб 140г,140,Краб,922348,136209998.29000017,129.12872,85459244.6639997
65,2024-09-01,Пятёрочка,Чипсы картофельные обычные,ЧСК обычные,Фрито Лэй,Lays,LAYS Чипсы нат.карт.со вкусом сыра 140г,Lays Сыр 140г,140,Сыр,98443,14404077.62999999,13.78202,8922210.707999986
66,2024-09-01,Пятёрочка,Чипсы картофельные обычные,ЧСК обычные,Фрито Лэй,Lays,LAYS Чипсы нат.карт.со вкусом сыра 70г,Lays Сыр 70г,70,Сыр,1077289,89937234.24999933,75.41023,56041103.80799937
67,2024-09-01,Пятёрочка,Чипсы картофельные обычные,ЧСК обычные,Фрито Лэй,Lays,LAY'S Чипсы натур.картоф.вкус.краба 225г,Lays Краб 225г,225,Краб,252379,51132990.629999995,56.785275,34795210.44000008
68,2024-09-01,Пятёрочка,Чипсы картофельные обычные,ЧСК обычные,Фрито Лэй,Lays,LAYS Чипсы С СОЛЬЮ 225г,Lays Соль 225г,225,Соль,2,659.99,0.00045,214.392
69,2024-09-01,Пятёрочка,Чипсы картофельные обычные,ЧСК обычные,Фрито Лэй,Lays,LAYS Чипсы СМЕТАНА И ЗЕЛЕНЬ 225г,Lays Сметана и зелень 225г,225,Сметана и зелень,880556,186900258.55999887,198.1251,121931997.37199534
70,2024-09-01,Пятёрочка,Чипсы картофельные обычные,ЧСК обычные,Фрито Лэй,Lays,LAYS Чипсы СМЕТАНА И ЛУК 225г,Lays Сметана и лук 225г,225,Сметана и лук,117211,25230467.35000005,26.372475,15835552.355999887
71,2024-09-01,Пятёрочка,Чипсы картофельные обычные,ЧСК обычные,Фрито Лэй,Lays,LAYS Чипсы со вкусом краба нат.карт.70г,Lays Краб 70г,70,Краб,1507332,129944506.23999976,105.51324,78956783.90400033
72,2024-09-01,Пятёрочка,Чипсы картофельные обычные,ЧСК обычные,Стамба ООО,Bruto Gourmet Line,BRUTO Чипсы G.L.из нат.карт.вк.ол/ор.80г,BRUTO Gourmet Line Оливки и орегано 80г,80,Оливки и орегано,8089,1034858.2799999906,0.64712,501947.76000000065
73,2024-09-01,Пятёрочка,Чипсы картофельные обычные,ЧСК обычные,Стамба ООО,Bruto Gourmet Line,BRUTO Чипсы G.L.нат.кар.вк/ар.к.соли 80г,BRUTO Gourmet Line Копчёная соль 80г,80,Соль копченая,7671,984102.3199999912,0.61368,475919.82
74,2024-09-01,Пятёрочка,Чипсы картофельные обычные,ЧСК обычные,Стамба ООО,Bruto NPC,BRUTO Чипсы из нат.карт.вк.см/лука 120г,BRUTO NPC Сметана и лук 120г,120,Сметана и лук,20,2672.3500000000004,0.0024,1498.7999999999997
75,2024-09-01,Пятёрочка,Чипсы картофельные обычные,ЧСК обычные,Стамба ООО,Bruto NPC,BRUTO Чипсы из нат.карт.вк.смет/зел.120г,BRUTO NPC Сметана и зелень 120г,120,Сметана и зелень,32,2897.46,0.00384,2398.0800000000004
76,2024-09-01,Пятёрочка,Чипсы картофельные обычные,ЧСК обычные,Стамба ООО,Bruto NPC,BRUTO Чипсы из нат.карт.вкус.папр.120г,BRUTO NPC Паприка 120г,120,Паприка,15,2300.76,0.0018,1124.1
77,2024-09-01,Пятёрочка,Чипсы картофельные обычные,ЧСК обычные,Стамба ООО,Bruto NPC,BRUTO Чипсы из нат.карт.со вк.краба 120г,BRUTO NPC Краб 120г,120,Краб,8,1019.45,0.00096,599.52
78,2024-09-01,Пятёрочка,Чипсы картофельные обычные,ЧСК обычные,Стамба ООО,BRUTO КРАФТ,BRUTO Чипсы из карт.мор.сол/чер.пер.130г,Bruto KРАФТ Морская соль и Черный перец 130Г,130,Соль и перец черный,2,188.98,0.00026,144.984
79,2024-09-01,Пятёрочка,Чипсы картофельные обычные,ЧСК обычные,Стамба ООО,BRUTO КРАФТ,BRUTO Чипсы из нат.карт.вк.Чесн/тр.120г,Bruto КРАФТ Чеснок и травы 120г,120,Чеснок и травы,826,127160.89000000001,0.09912,71641.82400000002
80,2024-09-01,Пятёрочка,Чипсы картофельные обычные,ЧСК обычные,Стамба ООО,BRUTO КРАФТ,BRUTO Чипсы из нат.карт.с мор.солью 120г,Bruto КРАФТ Морская соль 120г,120,Соль,65966,7672218.620000106,7.91592,4028209.980000004
81,2024-09-01,Пятёрочка,Чипсы картофельные обычные,ЧСК обычные,Стамба ООО,BRUTO КРАФТ,BRUTO Чипсы из нат.карт.с томат/укр.120г,Bruto КРАФТ Томат и укроп 120г,120,Томат и укроп,1104,150945.42,0.13248,94085.508
82,2024-09-01,Пятёрочка,Чипсы картофельные обычные,ЧСК обычные,Стамба ООО,BRUTO КРАФТ,BRUTO Чипсы нат.карт.мор.с/чер.пер.120г,Bruto КРАФТ Морская соль и перец 120г,120,Соль и перец черный,190367,22477911.119999975,22.84404,11363931.647999974
83,2024-09-01,Пятёрочка,Чипсы картофельные обычные,ЧСК рифленые,Глобал Снэк ООО,Bon Giorno,BON GIOR.Чип.кар.риф.вкус.Кар.Лук Сыр80г,BON GIORNO риф. Карамелизованный лук и сыр 80г,80,Сыр и лук,35,3727.75,0.0028,1618.3319999999999
84,2024-09-01,Пятёрочка,Чипсы картофельные обычные,ЧСК рифленые,Глобал Снэк ООО,Bon Giorno,BON GIOR.Чипсы карт.риф.вкус.Ср.Лоб.80г,BON GIORNO риф. Средиземноморский лобстер 80г,80,Лобстер,9,962.31,0.00072,456.9
85,2024-09-01,Пятёрочка,Чипсы картофельные обычные,ЧСК рифленые,"ООО ""ЛИТ ЭНЕРДЖИ""",LIT ENERGY,LIT ENERGY Чипсы нат.кар.вк.см/зел.120г,LIT ENERGY Сметана и зелень 120г,120,Сметана и зелень,206615,28256504.09999999,24.7938,16768463.591997053
86,2024-09-01,Пятёрочка,Чипсы картофельные обычные,ЧСК рифленые,"ООО ""ЛИТ ЭНЕРДЖИ""",LIT ENERGY,LIT ENERGY Чипсы нат.карт.вкус.папр.120г,LIT ENERGY Паприка 120г,120,Паприка,59685,8011133.170000157,7.1622,4845442.680000098
87,2024-09-01,Пятёрочка,Чипсы картофельные обычные,ЧСК рифленые,"ООО ""ЛИТ ЭНЕРДЖИ""",LIT ENERGY,LIT ENERGY Чипсы с.карт.р.вк.Сах.кр.120г,LIT ENERGY Креветки 120г,120,Креветки,68457,9182978.180000164,8.21484,5556464.904000101
88,2024-09-01,Пятёрочка,Чипсы картофельные обычные,ЧСК рифленые,Лоренц,Crunchips X-Cut,CRUN.Чипсы X-CUT кар.риф.вк.афр.Чак.70г,Crunchips X-Cut риф. Африканская чакалака 70г,70,Чакалака,2,253.93,0.00014,157.32
89,2024-09-01,Пятёрочка,Чипсы картофельные обычные,ЧСК рифленые,Лоренц,Crunchips X-Cut,CRUN.Чипсы X-CUT кар.риф.вк.паприки 70г,Crunchips X-Cut риф. Паприка 70г,70,Паприка,15,1568.67,0.00105,898.9200000000001
90,2024-09-01,Пятёрочка,Чипсы картофельные обычные,ЧСК рифленые,Лоренц,Crunchips X-Cut,CRUN.Чипсы X-CUT кар.риф.вк.смет/спец70г,Crunchips X-Cut риф. Сметана и специи 70г,70,Сметана и специи,41,4152.5199999999995,0.00287,2244.1440000000002
91,2024-09-01,Пятёрочка,Чипсы картофельные обычные,ЧСК рифленые,Лоренц,Crunchips X-Cut,CRUN.Чипсы X-CUT кар.риф.вк.сыра/лука70г,Crunchips X-Cut риф. Сыр и лук 70г,70,Сыр и лук,13,1379.23,0.00091,788.4
92,2024-09-01,Пятёрочка,Чипсы картофельные обычные,ЧСК рифленые,Бумажная бумага,EASY PEASY,EASY PEASY Картофель риф.вк.бр.майон.50г,EASY PEASY Майонез 50г,50,Майонез,1,87.99,5e-05,45.0
93,2024-09-01,Пятёрочка,Чипсы картофельные обычные,ЧСК рифленые,Бумажная бумага,EASY PEASY,EASY PEASY Картофель риф.вкус.шпрот 50г,EASY PEASY риф. Шпроты 50г,50,Шпроты,20,784.3899999999999,0.001,874.788
94,2024-09-01,Пятёрочка,Чипсы картофельные обычные,ЧСК рифленые,Фрито Лэй,Lays,LAYS Чипсы карт.риф.вкус.лобстера 140г,Lays риф. Лобстер 140г,140,Лобстер,1251141,183869209.94000104,175.15974,114135586.29599972
95,2024-09-01,Пятёрочка,Чипсы картофельные обычные,ЧСК рифленые,Фрито Лэй,Lays,LAYS Чипсы карт.риф.вкус.лос.слив.с.140г,Lays риф. Лосось в слив. соусе 140г,140,Лосось и соус сливочный,353393,52068516.19000015,49.47502,32397367.991999995
96,2024-09-01,Пятёрочка,Чипсы картофельные обычные,ЧСК рифленые,Фрито Лэй,Lays,LAYS Чипсы карт.риф.вкус.паприка 140г,Lays риф. Паприка 140г,140,Паприка,611864,90426502.61999996,85.66096,56740549.764000006
97,2024-09-01,Пятёрочка,Чипсы картофельные обычные,ЧСК рифленые,Фрито Лэй,Lays,LAYS Чипсы нат.кар.риф.вк.Т.ям по-т.125г,Lays риф. Том Ям по тайски 125г,125,Том Ям,120058,17506469.27000009,15.00725,11331180.300000118
98,2024-09-01,Пятёрочка,Чипсы картофельные обычные,ЧСК рифленые,Фрито Лэй,Lays,LAYS Чипсы нат.карт.риф.вк.лобстера 70г,Lays риф. Лобстер 70г,70,Лобстер,56,5345.97,0.00392,3091.14
99,2024-09-01,Пятёрочка,Чипсы картофельные обычные,ЧСК рифленые,Фрито Лэй,Lays,LAYS Чипсы нат.карт.риф.вк.Паприка 225г,Lays риф. Паприка 225г,225,Паприка,69,15982.519999999999,0.015525,8676.516
100,2024-09-01,Пятёрочка,Чипсы картофельные обычные,ЧСК рифленые,Фрито Лэй,Lays,LAYS Чипсы нат.карт.риф.вк.Прян.крев.90г,Lays риф. Пряная креветка 90г,90,Креветки,22,2102.3199999999997,0.00198,1368.864
101,2024-09-01,Пятёрочка,Чипсы картофельные обычные,ЧСК рифленые,Фрито Лэй,Lays,LAYS Чипсы риф.вкус.Паприка нат.карт.70г,Lays риф. Паприка 70г,70,Паприка,111,10197.25,0.00777,6419.532
102,2024-09-01,Пятёрочка,Чипсы картофельные обычные,ЧСК соломка,Лоренц,Pomsticks,POMST.Чипсы карт.сол.вкус.смет/спец.200г,Pomsticks Сметана и специи 200г,200,Сметана и специи,4,1151.4,0.0008,525.216
103,2024-09-01,Пятёрочка,Чипсы картофельные обычные,ЧСК соломка,Лоренц,Pomsticks,POMST.Чипсы карт.сол.с мор.сол/перц.100г,Pomsticks Морская соль и перец 100г,100,Соль и перец черный,5,549.87,0.0005,346.96799999999996
104,2024-09-01,Пятёрочка,Чипсы картофельные обычные,ЧСК соломка,Лоренц,Pomsticks,POMST.Чипсы карт.соломкой с солью 200г,Pomsticks Соль 200г,200,Соль,13,2715.41,0.0026,1801.596
105,2024-09-01,Пятёрочка,Чипсы картофельные обычные,ЧСК соломка,Лоренц,Pomsticks,Чипсы POMST.карт.солом. с паприкой 100г,Pomsticks Паприка 100г,100,Паприка,22,2949.04,0.0022,1483.728
106,2024-09-01,Пятёрочка,Чипсы картофельные обычные,ЧСК соломка,Лоренц,Pomsticks,Чипсы POMST.карт.солом. с солью 100г,Pomsticks Соль 100г,100,Соль,902549,76432096.85999934,90.2549,48538948.83600009
107,2024-09-01,Пятёрочка,Чипсы картофельные обычные,ЧСК соломка,Лоренц,Pomsticks,Чипсы POMST.карт.солом.смет/спец 100г,Pomsticks Сметана и специи 100г,100,Сметана и специи,226254,19484828.369999956,22.6254,12165560.603999877
108,2024-09-01,Пятёрочка,Чипсы картофельные обычные,ЧСК соломка,Москарт ООО,TWISTER,TWISTER Чипсы КАРТ.СОЛ.карт.вк.сыра 50г,TWISTER Сыр карт-Сыр 50г,50,Сыр,555833,24907997.369999878,27.79165,12531182.603999566
109,2024-09-01,Пятёрочка,Чипсы кукурузные,Кукурузная соломка,Фрито Лэй,CHEETOS,CHEETOS Кукур.палочки КЕТЧУП 85г,CHEETOS Кетчуп 85г,85,Кетчуп,77,7081.72,0.006545,3956.238
110,2024-09-01,Пятёрочка,Чипсы кукурузные,Кукурузная соломка,Фрито Лэй,CHEETOS,CHEETOS Палочки кук.вкус.Кетчуп 50г,CHEETOS Кетчуп 50г,50,Кетчуп,957442,46104436.65000015,47.8721,33744042.45300016
111,2024-09-01,Пятёрочка,Чипсы кукурузные,Кукурузные в пачке-чаше,Горячие крендели Север ООО,SALTO,SALTO Чипсы N.БАР.кук.220г+соус100г+салф,SALTO кук. Барбекю  220г+соус100г+салф,220,Барбекю,8,2515.9700000000003,0.00176,1833.5679999999998
112,2024-09-01,Пятёрочка,Чипсы кукурузные,Кукурузные в пачке-чаше,Горячие крендели Север ООО,SALTO,SALTO Чипсы N.КЛ.кук.220г+соус100г+салф.,SALTO кук. Оригинальные 220г+соус100г+салф.,220,Оригинальные,2,621.6,0.00044,458.392
113,2024-09-01,Пятёрочка,Чипсы кукурузные,Кукурузные начос,Мишн Фудс Ступино ООО,Mission,MISSION Чипсы кукур.вкус.смет/лука 90г,MISSION кук.Сметана и лук 90г,90,Сметана и лук,23,1661.49,0.00207,756.9209999999999
114,2024-09-01,Пятёрочка,Чипсы кукурузные,Кукурузные начос,Мишн Фудс Ступино ООО,Mission,MISSION Чипсы кукур.со вкус.краб кам.90г,MISSION кук. Камчатский краб 90г,90,Краб,20,1636.0299999999997,0.0018,724.658
115,2024-09-01,Пятёрочка,Чипсы кукурузные,Кукурузные начос,Мишн Фудс Ступино ООО,Mission,MISSION Чипсы кукурузн.со вк.бекона 150г,MISSION кук. Бекон 150г,150,Бекон,31,3197.72,0.00465,1583.967
116,2024-09-01,Пятёрочка,Чипсы кукурузные,Кукурузные начос,Мишн Фудс Ступино ООО,Mission,MISSION Чипсы кукурузные со вк.сыра 150г,MISSION кук. Сыр чеддер 150г,150,Сыр,15,1597.88,0.00225,752.675
117,2024-09-01,Пятёрочка,Чипсы кукурузные,Кукурузные начос,Мишн Фудс Ступино ООО,Delicados,DELICAD.Чипсы NACH.с кус.ол/пап.кук.150г,Delicados кук. С кусочками оливок и паприкой 150г,150,Паприка и оливки,45423,4873266.290000004,6.81345,2648748.035999996
118,2024-09-01,Пятёрочка,Чипсы кукурузные,Кукурузные начос,Мишн Фудс Ступино ООО,Delicados,DELICAD.Чипсы кукур.вкус.соуса Ранч 150г,Delicados кук. Соус ранч 150г,150,Соус Ранч,51,6463.9,0.00765,3000.9979999999996
119,2024-09-01,Пятёрочка,Чипсы кукурузные,Кукурузные начос,Мишн Фудс Ступино ООО,Delicados,DELICAD.Чипсы НАЧОС кук.вк.Бург.Воп.140г,Delicados кук. Бургер воппер 140г,140,Бургер Воппер,521162,55029353.59999993,72.96268,26849463.597000565
120,2024-09-01,Пятёрочка,Чипсы кукурузные,Кукурузные начос,Мишн Фудс Ступино ООО,Delicados,DELICAD.Чипсы НАЧОС кукур.ориг.150г,Delicados кук. Оригинальные 150г,150,Оригинальные,24454,2441129.9599999976,3.6681,958969.0660000013
121,2024-09-01,Пятёрочка,Чипсы кукурузные,Кукурузные начос,Мишн Фудс Ступино ООО,Delicados,DELICAD.Чипсы НАЧОС кукур.с/вк.сыр 150г,Delicados кук. Сыр 150г,150,Сыр,222909,22735589.400000114,33.43635,10999300.125000013
122,2024-09-01,Пятёрочка,Чипсы кукурузные,Кукурузные начос,Снэк Компани ООО,Carambas,CARAMBAS Чипсы БЕКОН кукур.150г,CARAMBAS кук. Бекон 150г,150,Бекон,2,237.48,0.0003,107.624
123,2024-09-01,Пятёрочка,Чипсы кукурузные,Кукурузные начос,Снэк Компани ООО,Carambas,CARAMBAS Чипсы ОРИГИНАЛ кукур.150г,CARAMBAS кук. Оригинальные 150г,150,Оригинальные,1,122.29,0.00015,53.812
124,2024-09-01,Пятёрочка,Чипсы кукурузные,Кукурузные начос,Снэк Компани ООО,Carambas,CARAMBAS Чипсы СМЕТАНА ЛУК кукур.150г,CARAMBAS кук. Сметана и лук 150г,150,Сметана и лук,30,3203.51,0.0045,1637.4710000000002
125,2024-09-01,Пятёрочка,Чипсы кукурузные,Кукурузные начос,Снэк Компани ООО,Carambas,CARAMBAS Чипсы СЫР НАЧ.кукур.150г,Carambas кук. Сыр 150г,150,Сыр,47,4816.04,0.00705,2616.625
126,2024-09-01,Пятёрочка,Чипсы кукурузные,Кукурузные фигурные,"Zhejiang Xiaowangzi Food Co., Ltd",XIAOWANGZI,XIAOWANGZI Чипсы кукурузн.со вк.том.40г,XIAOWANGZI кук. Томат 40г,40,Томат,1226,96018.73000000004,0.04904,56090.07600000011
127,2024-09-01,Пятёрочка,Чипсы кукурузные,Кукурузные фигурные,"Zhejiang Xiaowangzi Food Co., Ltd",XIAOWANGZI,XIAOWANGZI Чипсы ОРИГИНАЛЬН.кукуруз.40г,XIAOWANGZI кук. Оригинальные 40г,40,Оригинальные,1339,109151.08000000009,0.05356,62382.852000000086
128,2024-09-01,Пятёрочка,Чипсы кукурузные,Кукурузные фигурные,Фрито Лэй,CHEETOS,CHEETOS Кукур.палочки СЫР 85г,CHEETOS кук. Сыр  85г,85,Сыр,131,12320.9,0.011135,6661.996000000001
129,2024-09-01,Пятёрочка,Чипсы кукурузные,Кукурузные фигурные,Фрито Лэй,CHEETOS,CHEETOS Палочки кук.вкус.Сыр 50г,CHEETOS кук. Сыр 50г,50,Сыр,1884636,97569469.71999976,94.2318,65774481.12399945
130,2024-09-01,Пятёрочка,Чипсы кукурузные,Кукурузные фигурные,Фрито Лэй,CHEETOS,CHEETOS Снеки кук.вкус.Ветчина и сыр 50г,CHEETOS кук. Ветчина и сыр 50г,50,Сыр и ветчина,19661,1129772.5,0.98305,694014.9809999994
131,2024-09-01,Пятёрочка,Чипсы кукурузные,Кукурузные фигурные,Фрито Лэй,CHEETOS,CHEETOS Снеки кукур.со вкусом Краб 50г,CHEETOS кук. Краб 50г,50,Краб,55,4289.83,0.00275,2234.034
132,2024-09-01,Пятёрочка,Чипсы кукурузные,Кукурузные фигурные,Фрито Лэй,CHEETOS,CHEETOS Снеки кукуруз.со вкусом Краб 85г,CHEETOS кук. Краб 85г,85,Краб,38130,3463244.529999998,3.24105,2126436.993999999
133,2024-09-01,Пятёрочка,Чипсы кукурузные,Кукурузные фигурные,"ООО ""РУССКАРТ-СИТИ""",СырBall,СЫРBALL Шарики кукуруз.со вк.сыра 140г,СЫРBALL кук. Сыр 140г,140,Сыр,42,4964.52,0.00588,1796.2669999999998
134,2024-09-01,Пятёрочка,Чипсы кукурузные,Кукурузные фигурные,"ООО ""РУССКАРТ-СИТИ""",Сырколбас,СЫРКОЛБ.Снеки кук.вкус.Гриль-колб.100г,Сырколбас кук. Гриль-колбаски 100г,100,Колбаски,266,36503.02,0.0266,19214.250000000004
135,2024-09-01,Пятёрочка,Чипсы кукурузные,Кукурузные фигурные,"ООО ""РУССКАРТ-СИТИ""",Сырколбас,СЫРКОЛБ.Снеки кук.вкус.Двойной сыр 100г,Сырколбас кук. Двойной сыр 100г,100,Сыр,315,42453.580000000016,0.0315,22231.858
136,2024-09-01,Пятёрочка,Чипсы кукурузные,Кукурузные фигурные,"ООО ""РУССКАРТ-СИТИ""",Сырколбас,СЫРКОЛБАС Снеки кук.вк.сыр/колбаса 100г,Сырколбас кук. Сыр и колбаса 100г,100,Сыр и колбаса,17,2527.36,0.0017,1201.8709999999999
137,2024-09-01,Пятёрочка,Чипсы кукурузные,Кукурузные фигурные,Юникорн ООО,HOLYCORN,HOLYCORN Снеки кукуруз.со вкус.Томат 50г,HOLYCORN кук. Томат 50г,50,Томат,2,172.0,0.0001,91.52
138,2024-09-01,Пятёрочка,Чипсы кукурузные,Кукурузные фигурные,Юникорн ООО,HOLYCORN,HOLYCORN Снеки кукуруз.со вкусом Сыр 50г,HOLYCORN кук. Сыр 50г,50,Сыр,4,412.17,0.0002,183.04
139,2024-09-01,Пятёрочка,Чипсы прессованные,Прессованные пластинки,Белпродукт ООО,MEGA CHIPS,MEGA CH.Мегачипсы карт.вк.норв.лобс.100г,MEGA CHIPS Норвежский лобстер 100г,100,Лобстер,112,8763.5,0.0112,2948.652
140,2024-09-01,Пятёрочка,Чипсы прессованные,Прессованные пластинки,Белпродукт ООО,MEGA CHIPS,MEGA CHIPS Чипсы СО ВК.КУРИЦЫ 100г,MEGA CHIPS Курица 100г,100,Курица,86,6887.74,0.0086,2348.3039999999996
141,2024-09-01,Пятёрочка,Чипсы прессованные,Прессованные пластинки,Белпродукт ООО,MEGA CHIPS,MEGA CHIPS Чипсы СО ВК.СМЕТАНЫ/ЛУКА 100г,MEGA CHIPS Сметана и лук 100г,100,Сметана и лук,173,14015.749999999998,0.0173,6189.204
142,2024-09-01,Пятёрочка,Чипсы прессованные,Прессованные пластинки,Белпродукт ООО,MEGA CHIPS,MEGA CHIPS Чипсы СО ВК.СМЕТАНЫ/СЫРА 100г,MEGA CHIPS Сметана и сыр 100г,100,Сметана и сыр,200,15899.330000000002,0.02,5979.732
143,2024-09-01,Пятёрочка,Чипсы прессованные,Прессованные пластинки,ИП Ланина А.В.,MULTICHIPS,MULTICHIPS Чипсы карт.вкус.см/лука 100г,MULTICHIPS Сметана и лук 100г,100,Сметана и лук,7416,354603.45999999996,0.7416,218386.36800000002
144,2024-09-01,Пятёрочка,Чипсы прессованные,Прессованные в пачке-чаше,Маревен Фуд Сэнтрал ООО,Big Bon,BIG BON Чип.карт.вк.Реб.гр.соус.Бар.105г,BigBon Ребрышки гриль и соус барбекю 105г,105,Ребрышки гриль,777,87783.26999999996,0.081585,49874.07600000001
145,2024-09-01,Пятёрочка,Чипсы прессованные,Прессованные в пачке-чаше,Маревен Фуд Сэнтрал ООО,Big Bon,BIG BON Чипсы карт.вк.См.зел.с.Чес.105г,BigBon Сметана и зелень с соусом чесночный 105г,105,Сметана и зелень,718,93814.49000000002,0.07539,46086.984
146,2024-09-01,Пятёрочка,Чипсы прессованные,Прессованные в тубе,Келлогг Рус ООО,Pringles,PRING.Чипсы ORIGINAL картофельные 165г,PRINGLES Оригинальные 165г,165,Оригинальные,11,3023.59,0.001815,2860.044
147,2024-09-01,Пятёрочка,Чипсы прессованные,Прессованные в тубе,Келлогг Рус ООО,Pringles,PRING.Чипсы СМЕТАНА И ЛУК картоф.165г,PRINGLES Сметана и лук 165г,165,Сметана и лук,19,5549.49,0.003135,4940.076
148,2024-09-01,Пятёрочка,Чипсы прессованные,Прессованные в тубе,Келлогг Рус ООО,Pringles,PRINGL.Чипсы ORIGINAL картофельн.165г,PRINGLES Оригинальные 165г,165,Оригинальные,3,1079.96,0.000495,638.316
149,2024-09-01,Пятёрочка,Чипсы прессованные,Прессованные в тубе,Келлогг Рус ООО,Pringles,PRINGL.Чипсы карт.со вкус.смет/лука 165г,PRINGLES Сметана и лук 165г,165,Сметана и лук,1,320.43,0.000165,212.772
150,2024-09-01,Пятёрочка,Чипсы прессованные,Прессованные в тубе,Келлогг Рус ООО,Pringles,PRINGL.Чипсы ПАПРИКА карт.165г,PRINGLES Паприка 165г,165,Паприка,49,14828.38,0.008085,7815.528
151,2024-09-01,Пятёрочка,Чипсы прессованные,Прессованные в тубе,Маревен Фуд Сэнтрал ООО,Big Bon,BIG BON Чипсы карт.вк.Смет/зел.лук 130г,Big Bon Сметана и лук 130г,130,Сметана и лук,1533,206241.67000000004,0.19929,110648.69999999998
152,2024-09-01,Пятёрочка,Чипсы прессованные,Прессованные в тубе,Маревен Фуд Сэнтрал ООО,Big Bon,BIG BON Чипсы карт.вкус.Снеж.краб 130г,Big Bon Снежный краб 130г,130,Краб,1303,162547.94999999995,0.16939,93938.30399999999
153,2024-09-01,Пятёрочка,Чипсы прессованные,Прессованные в тубе,Фрито Лэй,Lays STAX,LAYS Чипсы STAX карт.вк.Ар.реб.барб.140г,Lays STAX Ароматные ребрышки барбекю 140г,140,Ребрышки барбекю,76498,15412218.590000035,10.70972,11297216.627999945
154,2024-09-01,Пятёрочка,Чипсы прессованные,Прессованные в тубе,Фрито Лэй,Lays STAX,LAYS Чипсы STAX карт.вк.Неж.см/лук 140г,Lays STAX Нежная сметана и лук 140г,140,Сметана и лук,494385,98556962.62999962,69.2139,73057357.80000009
155,2024-09-01,Пятёрочка,Чипсы прессованные,Прессованные в тубе,Фрито Лэй,Lays STAX,LAYS Чипсы STAX карт.вкус.Пик.пап.140г,Lays STAX Пикантная паприка 140г,140,Паприка,70,15223.42,0.0098,9250.896
156,2024-09-01,Пятёрочка,Чипсы прессованные,Прессованные фигурные,"Zhejiang Xiaowangzi Food Co., Ltd",XIAOWANGZI,XIAOWANGZI Чипсы карт.вк.Итал.рагу 43г,XIAOWANGZI Итальянское рагу 43г,43,Рагу итальянское,1665,123499.17,0.071595,68051.88000000016
157,2024-09-01,Пятёрочка,Чипсы прессованные,Прессованные фигурные,"Zhejiang Xiaowangzi Food Co., Ltd",XIAOWANGZI,XIAOWANGZI Чипсы карт.вкус.Барбекю 43г,XIAOWANGZI Барбекю 43г,43,Барбекю,2292,169060.9400000002,0.098556,93678.62400000021
158,2024-09-01,Пятёрочка,Чипсы прессованные,Прессованные фигурные,"Zhejiang Xiaowangzi Food Co., Ltd",XIAOWANGZI,XIAOWANGZI Чипсы карт.со вкус.Томата 43г,XIAOWANGZI Томат 43г,43,Томат,1928,142992.97000000018,0.082904,78905.1600000002
159,2024-09-01,Пятёрочка,Чипсы прессованные,Прессованные фигурные,"Zhejiang Xiaowangzi Food Co., Ltd",XIAOWANGZI,XIAOWANGZI Чипсы ОРИГИНАЛЬНЫЕ картоф.43г,XIAOWANGZI Оригинальные 43г,43,Оригинальные,2553,191784.79000000024,0.109779,104346.21600000029
160,2024-09-01,Пятёрочка,Чипсы прессованные,Прессованные фигурные,Комплекс-98 ООО,ДЕЛИКАТ,ДЕЛИКАТ Чипсы КРАБ карт.вкус.краба 100г,ДЕЛИКАТ Краб 100г,100,Краб,16,593.98,0.0016,448.128
161,2024-09-01,Пятёрочка,Чипсы прессованные,Прессованные фигурные,Комплекс-98 ООО,ДЕЛИКАТ,ДЕЛИКАТ Чипсы ЛУК.КОЛ.СМЕТ/ЗЕЛ.карт.100г,ДЕЛИКАТ лук. кольца Сметана и зелень 100г,100,Сметана и зелень,430,17405.249999999993,0.043,10754.687999999996
162,2024-09-01,Пятёрочка,Чипсы прессованные,Прессованные фигурные,"ООО ""РУССКАРТ-СИТИ""",TURBO DIESEL,TURBO DIES.Чипсы карт.вк.кур.крыл.гр.75г,TURBO DIESEL Куриные крылья гриль 75г,75,Курица,617,40681.8,0.046275,23700.589
163,2024-09-01,Пятёрочка,Чипсы прессованные,Прессованные фигурные,"ООО ""РУССКАРТ-СИТИ""",Луковые кольца,ЛУК.КОЛ.ЗОЛ.Снеки хруст.вк.смет/лука100г,Луковые кольца Сметана и лук 100г,100,Сметана и лук,579,73475.93999999999,0.0579,40383.904
164,2024-09-01,Пятёрочка,Чипсы прессованные,Прессованные фигурные,"ООО ""РУССКАРТ-СИТИ""",Русская картошка,РУС.КАРТ.Чипсы карт.вк.зел.лука/см.190г,Русская картошка Сметана и лук 190г,190,Сметана и лук,379508,60986084.8699998,72.10652,29176741.21999988
165,2024-09-01,Пятёрочка,Чипсы прессованные,Прессованные фигурные,"ООО ""РУССКАРТ-СИТИ""",Русская картошка,РУС.КАРТ.Чипсы карт.вк.Острый соус 200г,Русская картошка Острый соус 200г,200,Соус острый,811,121888.37000000018,0.1622,63209.37700000008
166,2024-09-01,Пятёрочка,Чипсы прессованные,Прессованные фигурные,"ООО ""РУССКАРТ-СИТИ""",Русская картошка,РУС.КАРТ.Чипсы карт.вк.сметаны/лука 80г,Русская картошка Сметана и лук 80г,80,Сметана и лук,183,14802.199999999999,0.01464,7554.898999999999
167,2024-09-01,Пятёрочка,Чипсы прессованные,Прессованные фигурные,"ООО ""РУССКАРТ-СИТИ""",Русская картошка,РУС.КАРТ.Чипсы карт.вкус.камч.краба 200г,Русская картошка Камчатскиий краб 200г,200,Краб,5308,708456.619999994,1.0616,410062.5649999989
168,2024-09-01,Пятёрочка,Чипсы прессованные,Прессованные фигурные,"ООО ""РУССКАРТ-СИТИ""",Русская картошка,РУС.КАРТ.Чипсы карт.вкус.кур.гриль 200г,Русская картошка Курица гриль 200г,200,Курица,302,35912.01000000002,0.0604,30789.967999999986
169,2024-09-01,Пятёрочка,Чипсы прессованные,Прессованные фигурные,"ООО ""РУССКАРТ-СИТИ""",Русская картошка,РУС.КАРТ.Чипсы карт.вкус.лука/смет.200г,Русская картошка Сметана и лук 200г,200,Сметана и лук,4610,664349.4299999953,0.922,357070.3289999998
170,2024-09-01,Пятёрочка,Чипсы прессованные,Прессованные фигурные,"ООО ""РУССКАРТ-СИТИ""",Русская картошка,РУС.КАРТ.Чипсы карт.вкус.Остр.соус 190г,Русская картошка Острый соус 190г,190,Соус острый,91756,12726684.990000127,17.43364,6800882.010999958
171,2024-09-01,Пятёрочка,Чипсы прессованные,Прессованные фигурные,"ООО ""РУССКАРТ-СИТИ""",Русская картошка,РУС.КАРТ.Чипсы карт.со вкус.креветки 50г,Русская картошка Креветки 50г,50,Креветки,2,39.93,0.0001,62.964
172,2024-09-01,Пятёрочка,Чипсы прессованные,Прессованные фигурные,"ООО ""РУССКАРТ-СИТИ""",Русская картошка,РУС.КАРТ.Чипсы карт.со вкус.смет/укр.80г,Русская картошка Сметана и укроп 80г,80,Сметана и укроп,69,6422.13,0.00552,2998.457
173,2024-09-01,Пятёрочка,Чипсы прессованные,Прессованные фигурные,"ООО ""РУССКАРТ-СИТИ""",Русская картошка,РУС.КАРТ.Чипсы карт.со вкусом краба 190г,Русская картошка Камчатскиий краб 190г,190,Краб,281448,42412955.96000001,53.47512,21341520.430999972
174,2024-09-01,Пятёрочка,Чипсы прессованные,Прессованные фигурные,"ООО ""РУССКАРТ-СИТИ""",Русская картошка,РУС.КАРТ.Чипсы карт.со вкусом кревет.80г,Русская картошка Креветки 80г,80,Креветки,17,1586.26,0.00136,636.207
175,2024-09-01,Пятёрочка,Чипсы прессованные,Прессованные фигурные,"ООО ""РУССКАРТ-СИТИ""",Русская картошка,РУС.КАРТ.Чипсы картоф.вкус.жар.кур.190г,Русская картошка Жареная курица 190г,190,Курица,17964,3423846.270000012,3.41316,1896592.291000002
176,2024-09-01,Пятёрочка,Чипсы прессованные,Прессованные фигурные,"ООО ""РУССКАРТ-СИТИ""",Русская картошка,"Чипсы ""Рус.карт."" курица 28/20г",Русская картошка Жареная курица 20г,20,Курица,1,41.19,2e-05,5.604
177,2024-09-01,Пятёрочка,Чипсы прессованные,Прессованные рифленые,Фрито Лэй,Лейз из печи,LAYS Чипс.карт.вк.лис.в см.85г,Лейз из печи Лисички в сметане 85г,85,Сметана и Грибы Лисички,1118173,114713412.12000059,95.044705,70658114.02800018
178,2024-09-01,Пятёрочка,Чипсы прессованные,Прессованные рифленые,Фрито Лэй,Лейз из печи,LAYS Чипсы карт.со вкус.неж.сыр зел.85г,Лейз из печи Нежный сыр и зелень 85г,85,Сыр и зелень,398810,40826444.350000285,33.89885,25063286.28000003
179,2024-09-01,Пятёрочка,Чипсы прессованные,Прессованные рифленые,Фрито Лэй,Лейз из печи,LAYS Чипсы картофельные вкус.Хамон 81г,Лейз из печи Хамон 81г,81,Хамон,45,5355.32,0.003645,3258.072
180,2024-09-01,Пятёрочка,Чипсы прочие,Кукурузно-рисовые,Зеленая линия,Зеленая линия,ЗЕЛ.ЛИН.Флайчипсы зер.кук-рис.с сол.40г,Зеленая линия Флайчипсы зер.кук-рис. Соль 40г,40,Соль,14,1324.1,0.00056,604.6039999999999
181,2024-09-01,Пятёрочка,Чипсы прочие,Кукурузно-рисовые,Зеленая линия,Зеленая линия,ЗЕЛ.ЛИН.Флайчипсы зерн.с том/олив.40г,Зеленая линия Флайчипсы зер.кук-рис. Томат и оливки 40г,40,Томат и оливки,9,815.44,0.00036,379.665
182,2024-09-01,Пятёрочка,Чипсы прочие,Кукурузно-рисовые,"ООО ""СЛАДОСТИ ДЛЯ РАДОСТИ""",RICE UP!,RICE UP! Чипсы ц/зерн.вк.вас.бур.рис.60г,RICE UP! Чипсы ц/зерн.вк. Васаби 60г,60,Васаби,3,495.58000000000004,0.00018,299.916
183,2024-09-01,Пятёрочка,Чипсы прочие,Кукурузно-рисовые,"ООО ""СЛАДОСТИ ДЛЯ РАДОСТИ""",RICE UP!,RICE UP! Чипсы ц/зерн.вк.кет.бур.рис.60г,RICE UP! Чипсы ц/зерн.вк. Кетчуп 60г,60,Кетчуп,1,170.0,6e-05,101.316
184,2024-09-01,Пятёрочка,Чипсы прочие,Кукурузно-рисовые,Хлебпром ОАО,Dr.Korner ,DR.KORNER Чип.кук-рис.тайс.ос.сл.пер.50г,Dr.Korner Тайский перец 50г,50,Перец тайский,1271,83118.72999999998,0.06355,48914.997999999985
185,2024-09-01,Пятёрочка,Чипсы прочие,Кукурузно-рисовые,Хлебпром ОАО,Dr.Korner ,DR.KORNER Чипсы кук/рис.олив.мас/роз.50г,Dr.Korner Оливковое масло и розмарин 50г,50,Розмарин и оливковое масло,1,57.99,5e-05,28.556
186,2024-09-01,Пятёрочка,Чипсы прочие,Кукурузно-рисовые,Хлебпром ОАО,Dr.Korner ,DR.KORNER Чипсы кук-рис.смет/зел.лук.50г,Dr.Korner Зеленый лук 50г,50,Зеленый лук,1474,95884.90000000001,0.0737,56673.08899999999
187,2024-09-01,Пятёрочка,Чипсы прочие,Кукурузно-рисовые,Хлебпром ОАО,Dr.Korner ,DR.KORNER Чипсы кукурузно-рис.с сыр.50г,Dr.Korner Сыр 50г,50,Сыр,2,120.58,0.0001,62.326
188,2024-09-01,Пятёрочка,Чипсы прочие,Кукурузно-рисовые,Хлебпром ОАО,Dr.Korner ,DR.KORNER Чипсы ц/з кук-рис.сыр.начо 50г,Dr.Korner Сыр 50г,50,Сыр,51,3056.4700000000003,0.00255,1498.9810000000002
189,2024-09-01,Пятёрочка,Чипсы прочие,Нутовые,Шеллдон ООО,Don Shelldon,DON SHELLD.Чипсы НУТСЫ вкус.Смет/зел.50г,Don Shelldon нут. Сметана и зелень 50г,50,Сметана и зелень,5,462.20000000000005,0.00025,302.4
190,2024-09-01,Пятёрочка,Чипсы прочие,Нутовые,Шеллдон ООО,Don Shelldon,DON SHELLD.Чипсы НУТСЫ вкус.Сыр Чедд.50г,Don Shelldon нут. Сыр чеддер 50г,50,Сыр,10,859.19,0.0005,604.8
191,2024-09-01,Пятёрочка,Чипсы прочие,Овощные,"Zhejiang Xiaowangzi Food Co., Ltd",YamChip,Чипсы ОРИГИНАЛЬНЫЕ с бататом 90г,YamChip батат Оригинальные  90г,90,Оригинальные,11734,1287773.3999999985,1.05606,630496.1519999995
192,2024-09-01,Пятёрочка,Чипсы прочие,Овощные,"Zhejiang Xiaowangzi Food Co., Ltd",YamChip,Чипсы с батат.вкус.говяд/чер.перца 90г,YamChip батат Говядина и черный перец 90г,90,Говядина и перец черный,9565,1065417.7799999984,0.86085,513189.4079999992
193,2024-09-01,Пятёрочка,Чипсы прочие,Овощные,"Zhejiang Xiaowangzi Food Co., Ltd",YamChip,Чипсы с бататом со вкусом зел.лука 90г,YamChip бата Зеленый лук 90г,90,Лук,12125,1339332.8599999954,1.09125,650591.7000000005
194,2024-09-01,Пятёрочка,Чипсы прочие,Овощные,"Zhejiang Xiaowangzi Food Co., Ltd",YamChip,Чипсы с бататом со вкусом томата 90г,YamChip батат Томат 90г,90,Томат,16974,1890007.1999999948,1.52766,911328.8040000007
195,2024-09-01,Пятёрочка,Чипсы прочие,Овощные,"ООО ""ЭВЕРЕСТ""",REEEL,REEEL Чипсы БАТАТ-СЫР ЧЕДДЕР натур.30г,REEEL батат Сыр чеддер 30г,30,Сыр,1331,106583.44000000013,0.03993,68465.13600000001
196,2024-09-01,Пятёрочка,Чипсы прочие,Пшеничные,Восточная снековая компания ООО,Binggrae,BINGGRAE Чипсы ЗЯКИ-ЗЯКИ 50г,BINGGRAE Чипсы ЗЯКИ-ЗЯКИ 50г,50,Говядина,12060,834141.0999999989,0.603,604598.0639999998
197,2024-09-01,Пятёрочка,Чипсы прочие,Пшеничные,Восточная снековая компания ООО,Binggrae,BINGGRAE Чипсы КРАБ ЧИПСЫ вк.краба 130г,BINGGRAE Краб  130г,130,Краб,50100,9284012.240000011,6.513,5365406.676000006
198,2024-09-01,Пятёрочка,Чипсы прочие,Пшеничные,Восточная снековая компания ООО,Binggrae,BINGGRAE Чипсы КРАБ ЧИПСЫ хруст.50г,BINGGRAE Краб 50г,50,Краб,260982,20118004.890000068,13.0491,12214288.979999973
199,2024-09-01,Пятёрочка,Чипсы прочие,Пшеничные,Восточная снековая компания ООО,Binggrae,BINGGRAE Чипсы ВАСАБИ хрус.вк.вас.40г,BINGGRAE Васаби 40г,40,Васаби,946,86751.33,0.03784,47502.816
200,2024-09-01,Пятёрочка,Чипсы прочие,Пшеничные,Восточная снековая компания ООО,Binggrae,BINGGRAE Чипсы МОР.КАП.ЧИП.вк.мор.кап40г,BINGGRAE Морская капуста 40г,40,Морская капуста,1628,145493.31000000006,0.06512,80681.82000000002
201,2024-09-01,Пятёрочка,Чипсы прочие,Пшеничные,"ООО ""5Д""",5D,5D Чипсы пшен.вкус.стейк на углях 200г,5D пшен. Стейк на углях 200г,200,Стейк,1642,144228.78000000003,0.3284,77506.13200000001
202,2024-09-01,Пятёрочка,Чипсы прочие,Пшеничные,"ООО ""5Д""",5D,5D Чипсы пшен.со вкус.сметана и лук 200г,5D пшен. Сметана и лук 200г,200,Сметана и лук,1635,139233.67,0.327,76838.564
203,2024-09-01,Пятёрочка,Чипсы прочие,Пшеничные,"ООО ""ТРЕЙДБЕРРИ""",Free Ride,FR.RIDE Чипсы пш.вк.ростбифа с хрен.50г,Free Ride Ростбиф с хреном 50г,50,Хрен и ростбиф,1,47.39,5e-05,24.75
204,2024-09-01,Пятёрочка,Чипсы прочие,Пшеничные,"ООО ""ТРЕЙДБЕРРИ""",Free Ride,FR.RIDE Чипсы пш.со вк.бекона 50г,Free Ride Бекон 50г,50,Бекон,1,39.49,5e-05,24.75
